epoch,file_name,G_loss_total,D_loss_total,D_loss_real,D_loss_gen,PESQ,STOI
1,micA_0001.wav,0.04735823813825846,10.842841863632202,10.348554611206055,0.49428724497556686,1.2231382,0.14809091
1,micA_0002.wav,0.026171034201979637,8.937535047531128,8.695499658584595,0.2420353814959526,1.1866871,0.049429417
1,micA_0003.wav,0.01369337341748178,6.723677158355713,5.728984355926514,0.9946928936988115,1.1620786,0.043324683
1,micA_0004.wav,0.009976758272387087,7.051069378852844,2.5375157594680786,4.5135535299777985,1.2008924,0.09973031
1,micA_0005.wav,0.012963982298970222,7.693807125091553,2.109039857983589,5.584767282009125,1.1514381,0.13299379
1,micA_0006.wav,0.016517603769898415,4.337867915630341,3.389370024204254,0.9484979137778282,1.1640801,0.10616873
1,micA_0007.wav,0.01790659176185727,3.6421355605125427,3.461391568183899,0.18074401281774044,1.1542208,0.13140446
1,micA_0008.wav,0.01197129487991333,3.7139546275138855,2.606768548488617,1.1071860641241074,1.2358851,0.13743219
1,micA_0009.wav,0.01270104618743062,4.343865275382996,1.7939994931221008,2.5498657822608948,1.1694055,0.057790115
1,micA_0010.wav,0.018757947720587254,2.63556444644928,2.124112069606781,0.5114523097872734,1.1846223,0.07087122
1,micA_0011.wav,0.017754455329850316,2.602366089820862,2.330848753452301,0.2715173177421093,1.1932577,0.060124166
1,micA_0012.wav,0.011370716616511345,3.8808894753456116,1.127301275730133,2.753588303923607,1.2778792,0.10682149
1,micA_0013.wav,0.011631140019744635,6.357603907585144,0.9309820234775543,5.4266219437122345,1.2344385,0.08973773
1,micA_0014.wav,0.012419202597811818,4.539174556732178,2.6838472485542297,1.8553272783756256,1.2672048,0.10937565
1,micA_0015.wav,0.01184786669909954,5.242791533470154,3.7570303678512573,1.485761120915413,1.315479,0.090711825
1,micA_0016.wav,0.014621849404647946,5.417436599731445,4.585147976875305,0.8322886079549789,1.2125,0.10487395
1,micA_0017.wav,0.015717149479314685,3.00102037191391,2.522438883781433,0.4785814732313156,1.2546023,0.1466577
1,micA_0018.wav,0.007987893419340253,3.712982714176178,1.1334659829735756,2.579516753554344,1.2328477,0.076976426
1,micA_0019.wav,0.006653301941696554,3.8223119974136353,0.5812526941299438,3.2410593032836914,1.2871057,0.12306488
1,micA_0020.wav,0.010370611445978284,2.619636595249176,1.5809191167354584,1.0387175232172012,1.2613211,0.09983093
1,micA_0021.wav,0.008112073293887079,2.607907235622406,1.5772648453712463,1.0306423008441925,1.3010063,0.13601734
1,micA_0022.wav,0.008213047287426889,2.8651039004325867,1.1160800606012344,1.7490238547325134,1.4011966,0.07810517
1,micA_0023.wav,0.011651323176920414,2.3086509108543396,1.388279139995575,0.920371800661087,1.3208882,0.108574346
1,micA_0024.wav,0.0072412051958963275,2.615542471408844,1.576532006263733,1.03901045024395,1.3743017,0.09386144
1,micA_0025.wav,0.010262498399242759,2.7191240191459656,0.7708151489496231,1.9483088552951813,1.2883298,0.12549591
1,micA_0026.wav,0.010301813017576933,2.9960684776306152,2.116096317768097,0.8799722045660019,1.2661319,0.11424679
1,micA_0027.wav,0.006975951138883829,2.9385180473327637,2.003172904253006,0.9353451132774353,1.2298999,0.080608174
1,micA_0028.wav,0.00470220553688705,2.9642940163612366,1.193285584449768,1.771008461713791,1.2297593,0.061773274
1,micA_0029.wav,0.008055303827859461,2.6797186136245728,1.5509523153305054,1.1287662982940674,1.2327662,0.06508531
1,micA_0030.wav,0.006114955409429967,2.7641637921333313,0.9818462878465652,1.7823175489902496,1.233696,0.045956623
1,micA_0031.wav,0.010679223341867328,2.5800753831863403,1.3402844369411469,1.239790990948677,1.2968987,0.07083206
1,micA_0032.wav,0.006229784921742976,2.9370304346084595,1.7034383714199066,1.2335920929908752,1.3293712,0.07055738
1,micA_0033.wav,0.008145205560140312,3.0285128355026245,0.8623706996440887,2.1661421954631805,1.3127794,0.096966855
1,micA_0034.wav,0.007307595107704401,3.063373029232025,2.1002171337604523,0.9631558954715729,1.3251606,0.082060315
1,micA_0035.wav,0.005132253165356815,3.0861830711364746,1.1308304965496063,1.9553526043891907,1.1524404,0.063956395
1,micA_0036.wav,0.008512775646522641,2.839381754398346,1.392581894993782,1.446799859404564,1.1634405,0.05811844
1,micA_0037.wav,0.01151644578203559,2.554906815290451,1.517652004957199,1.037254735827446,1.1213002,0.058994353
1,micA_0038.wav,0.007896405993960798,3.294193208217621,1.1142660528421402,2.1799271255731583,1.1204174,0.06570822
1,micA_0039.wav,0.009302276885136962,3.1518130898475647,1.8164155781269073,1.3353975266218185,1.1586473,0.0704374
1,micA_0040.wav,0.010289076017215848,4.382178962230682,2.2983829379081726,2.083796054124832,1.1849384,0.07665052
1,micA_0041.wav,0.006776329013518989,3.2581019401550293,1.8109785318374634,1.4471234530210495,1.2087367,0.07408509
1,micA_0042.wav,0.006022815709002316,3.381999969482422,1.0464257895946503,2.3355741798877716,1.201534,0.062462535
1,micA_0043.wav,0.009264055406674743,2.9001010060310364,1.9433367252349854,0.956764280796051,1.1724639,0.09202812
1,micA_0044.wav,0.007030041888356209,3.0609264373779297,1.0778901278972626,1.9830362796783447,1.1340075,0.08052811
1,micA_0045.wav,0.008648936753161252,3.2981772422790527,1.6108331233263016,1.6873440891504288,1.1068587,0.07753775
1,micA_0046.wav,0.007264689076691866,2.8400620222091675,1.6139134168624878,1.2261486053466797,1.0909599,0.07284919
1,micA_0047.wav,0.007550686947070062,2.5013115406036377,0.7263983339071274,1.7749131321907043,1.0989938,0.058907345
1,micA_0048.wav,0.007072460721246898,2.8030256628990173,1.852966159582138,0.9500594437122345,1.0844858,0.08832659
1,micA_0049.wav,0.00843381427694112,3.1983519792556763,1.6316314786672592,1.5667204856872559,1.1046509,0.076283254
1,micA_0050.wav,0.011055983137339354,2.757119596004486,1.4684087634086609,1.2887108772993088,1.1118686,0.08158115
1,micA_0051.wav,0.013217532075941563,2.2017791867256165,1.785958170890808,0.41582103073596954,1.0957571,0.05532115
1,micA_0052.wav,0.012781976722180843,3.276502788066864,2.4188025295734406,0.8577003106474876,1.1126233,0.05482903
1,micA_0053.wav,0.010443885810673237,2.512536495923996,1.3756649494171143,1.136871561408043,1.1625651,0.07200268
1,micA_0054.wav,0.012822092045098543,2.8271994590759277,2.130964457988739,0.6962350308895111,1.2449243,0.071835354
1,micA_0055.wav,0.010502612916752696,3.589946985244751,2.3489424884319305,1.2410044968128204,1.2684659,0.12543517
1,micA_0056.wav,0.01400814694352448,2.6252905130386353,1.3109740614891052,1.31431645154953,1.3204112,0.11300052
1,micA_0057.wav,0.009536310797557235,2.257504940032959,1.131984829902649,1.1255201399326324,1.2514436,0.06825982
1,micA_0058.wav,0.006190272863022983,2.6303401589393616,0.3853609412908554,2.244979292154312,1.1979339,0.076705344
1,micA_0059.wav,0.0128575733397156,2.62373423576355,1.3423994928598404,1.2813347280025482,1.1482555,0.041334555
1,micA_0060.wav,0.010741103673353791,3.2986016869544983,2.579377233982086,0.7192244380712509,1.2348983,0.08248516
1,micA_0061.wav,0.008652344578877091,3.0165661573410034,1.1230091750621796,1.8935570120811462,1.1086534,0.06853463
1,micA_0062.wav,0.006946800509467721,3.1232646107673645,1.384734034538269,1.7385305762290955,1.1716326,0.059516933
1,micA_0063.wav,0.013262788997963071,2.4497418999671936,1.5798931121826172,0.8698487877845764,1.1782261,0.088392474
1,micA_0064.wav,0.006663471576757729,2.886850118637085,1.4797836393117905,1.407066524028778,1.1448953,0.091599554
1,micA_0065.wav,0.004599945910740644,3.162195861339569,1.4954898953437805,1.666705995798111,1.1097572,0.05266172
1,micA_0066.wav,0.006293952348642051,2.675043046474457,1.2174127846956253,1.4576302766799927,1.1215892,0.064486
1,micA_0067.wav,0.005512543604709208,3.01542067527771,1.7264468669891357,1.288973867893219,1.1064913,0.05929355
1,micA_0068.wav,0.007883856305852532,2.6044828295707703,1.0299465209245682,1.574536293745041,1.0981534,0.08552456
1,micA_0069.wav,0.007347774924710393,3.5956929326057434,2.7408103942871094,0.854882538318634,1.1475191,0.109307654
1,micA_0070.wav,0.007728129276074469,2.7728288173675537,1.0540136843919754,1.7188152372837067,1.120307,0.09080572
1,micA_0071.wav,0.007251323317177594,2.673508107662201,1.4956227540969849,1.177885353565216,1.2309027,0.0886359
1,micA_0072.wav,0.007399674388580024,3.132270336151123,1.5199350714683533,1.6123352348804474,1.1640817,0.062462803
1,micA_0073.wav,0.009243055013939738,3.112327456474304,1.585260808467865,1.5270665884017944,1.1460809,0.023001032
1,micA_0074.wav,0.012453168164938688,3.4964267015457153,1.7295246124267578,1.7669021040201187,1.0958625,0.06014894
1,micA_0075.wav,0.01508808764629066,3.2743625044822693,2.6812151074409485,0.5931474417448044,1.2244143,0.08116878
1,micA_0076.wav,0.009243258973583579,4.0574071407318115,2.6130785942077637,1.4443285018205643,1.1120878,0.046727996
1,micA_0077.wav,0.005605009268037975,4.655933618545532,2.78203809261322,1.8738955557346344,1.2789077,0.07373308
1,micA_0078.wav,0.005723563488572836,4.677298426628113,1.9989269077777863,2.6783716678619385,1.1666461,0.054037277
1,micA_0079.wav,0.011345431907102466,2.939205229282379,2.0193182229995728,0.919886976480484,1.2508924,0.04977537
1,micA_0080.wav,0.005858398741111159,3.43634831905365,2.1717409491539,1.2646073400974274,1.4744905,0.052917346
1,micA_0081.wav,0.007573646260425448,3.0550475120544434,0.9952555894851685,2.0597918927669525,1.2573321,0.047184404
1,micA_0082.wav,0.00858462369069457,3.0097591876983643,1.7380666434764862,1.2716926038265228,1.1680641,0.020996587
1,micA_0083.wav,0.00465032272040844,3.0984277725219727,1.3104546964168549,1.7879731357097626,1.2276648,0.056544464
1,micA_0084.wav,0.007984783267602324,2.989696204662323,1.5418269634246826,1.4478691518306732,1.2171946,0.07377966
1,micA_0085.wav,0.01032486162148416,2.7301818132400513,1.5224014520645142,1.207780361175537,1.1462388,0.07299838
1,micA_0086.wav,0.0062490347772836685,2.895760953426361,1.3340323865413666,1.5617285668849945,1.1861953,0.06336848
1,micA_0087.wav,0.012041009729728103,2.3968480229377747,1.232689082622528,1.1641589552164078,1.1681246,0.050280817
1,micA_0088.wav,0.012278609676286578,2.27792552113533,1.5989364683628082,0.6789890676736832,1.2280892,0.065964356
1,micA_0089.wav,0.006453628418967128,3.1242201924324036,0.992842473089695,2.131377726793289,1.2249575,0.08981472
1,micA_0090.wav,0.005853711627423763,3.206914782524109,0.6797675341367722,2.5271472334861755,1.173394,0.0304124
1,micA_0091.wav,0.014021681156009436,3.275635838508606,2.367877408862114,0.9077584594488144,1.286441,0.070088886
1,micA_0092.wav,0.014989195158705115,3.4997838139533997,3.288115620613098,0.21166823990643024,1.1217467,0.06979513
1,micA_0093.wav,0.012174978386610746,3.3336985111236572,2.6562797725200653,0.6774187088012695,1.1935736,0.080164686
1,micA_0094.wav,0.007632579188793898,2.702954888343811,1.4217993915081024,1.2811554968357086,1.1723723,0.035821162
1,micA_0095.wav,0.007526153814978898,3.2306814193725586,0.7867064028978348,2.443975031375885,1.2042542,0.048257105
1,micA_0096.wav,0.013253504410386086,3.0286826491355896,1.662700593471527,1.3659820258617401,1.1890616,0.06854342
1,micA_0097.wav,0.010974672622978687,2.9070701599121094,1.7573944628238678,1.149675726890564,1.3773317,0.06646154
1,micA_0098.wav,0.005407452001236379,3.137948215007782,1.5514892935752869,1.5864589214324951,1.2088835,0.07591939
1,micA_0099.wav,0.00863257993478328,3.0653696060180664,0.9326964467763901,2.1326731741428375,1.3036728,0.049444966
1,micA_0100.wav,0.013065799372270703,3.4944217801094055,2.3821956515312195,1.1122261434793472,1.5251365,0.12165225
2,micA_0001.wav,0.014101926237344742,3.956435441970825,2.894477427005768,1.0619580000638962,1.3918183,0.107542984
2,micA_0002.wav,0.012537896167486906,3.201981484889984,1.2820484191179276,1.919933021068573,1.2748166,0.030995596
2,micA_0003.wav,0.014127278700470924,3.18059241771698,1.8205850720405579,1.360007330775261,1.1601403,0.01741639
2,micA_0004.wav,0.014319262932986021,3.399433195590973,1.858416587114334,1.5410166680812836,1.2411406,0.078916416
2,micA_0005.wav,0.013490131823346019,2.9644850492477417,1.3314809650182724,1.6330040991306305,1.2960334,0.091379516
2,micA_0006.wav,0.01581137115135789,2.9940845370292664,1.7487781047821045,1.2453064024448395,1.261975,0.08567199
2,micA_0007.wav,0.01527700456790626,2.873364806175232,1.2834502458572388,1.5899145305156708,1.2416904,0.10015147
2,micA_0008.wav,0.013905006228014827,2.7331926226615906,1.4975244998931885,1.2356680929660797,1.3212177,0.10739356
2,micA_0009.wav,0.012551376363262534,2.8356937766075134,1.1958985328674316,1.6397952437400818,1.2153548,0.040625516
2,micA_0010.wav,0.017352211754769087,2.5215027928352356,1.5011445879936218,1.0203581750392914,1.1961246,0.047388613
2,micA_0011.wav,0.012758338591083884,2.799899458885193,1.6225173473358154,1.1773821413516998,1.2710373,0.051018268
2,micA_0012.wav,0.010882140835747123,3.421124279499054,1.200086534023285,2.221037745475769,1.3278172,0.08810854
2,micA_0013.wav,0.014472895534709096,3.400032162666321,1.9851652383804321,1.4148669391870499,1.2858329,0.0699229
2,micA_0014.wav,0.014716712525114417,3.5042507648468018,2.357129603624344,1.1471211165189743,1.3205377,0.09206263
2,micA_0015.wav,0.011732646729797125,2.9744385480880737,1.3468703925609589,1.6275681555271149,1.3354173,0.06416396
2,micA_0016.wav,0.01293162745423615,3.0346192717552185,1.5938957929611206,1.440723478794098,1.3346767,0.08146707
2,micA_0017.wav,0.014730499126017094,2.5320900082588196,1.1449786126613617,1.3871113657951355,1.359096,0.10790121
2,micA_0018.wav,0.01417707558721304,3.283031642436981,1.2252407371997833,2.057790905237198,1.3700502,0.06618831
2,micA_0019.wav,0.017641504760831594,4.127289235591888,2.5826432704925537,1.5446460098028183,1.3994151,0.10336595
2,micA_0020.wav,0.018763854168355465,3.8834397196769714,3.095296323299408,0.7881434708833694,1.306737,0.08118372
2,micA_0021.wav,0.012490798253566027,3.264949142932892,1.8982034027576447,1.3667456805706024,1.3572392,0.12321971
2,micA_0022.wav,0.012575592612847686,3.04636812210083,1.1811252385377884,1.865242838859558,1.4561028,0.060934458
2,micA_0023.wav,0.015390829648822546,2.4105968475341797,1.1892558634281158,1.221340924501419,1.374388,0.09135569
2,micA_0024.wav,0.011132048442959785,2.585776925086975,1.3875283598899841,1.198248565196991,1.454937,0.0715275
2,micA_0025.wav,0.013765605632215738,2.6024189591407776,0.7834797352552414,1.818939208984375,1.3314441,0.111359864
2,micA_0026.wav,0.014996760059148073,3.274947702884674,2.184238523244858,1.090709239244461,1.2817371,0.09168451
2,micA_0027.wav,0.009936920600011945,3.332558035850525,1.958258181810379,1.3742998838424683,1.2036035,0.068409845
2,micA_0028.wav,0.00789929402526468,3.432431995868683,1.4066008627414703,2.0258311331272125,1.2257545,0.035320777
2,micA_0029.wav,0.013865788467228413,2.9214565753936768,1.726304531097412,1.195151999592781,1.2239746,0.05584632
2,micA_0030.wav,0.01111612282693386,2.7224605083465576,1.367363691329956,1.3550967872142792,1.2522624,0.02926892
2,micA_0031.wav,0.014074940700083971,2.7031548619270325,1.0450779646635056,1.6580768525600433,1.33376,0.055941183
2,micA_0032.wav,0.013089993735775352,3.170373260974884,2.092962384223938,1.0774109810590744,1.2810711,0.053152267
2,micA_0033.wav,0.011285683140158653,3.289005756378174,1.1207590848207474,2.1682466566562653,1.3439296,0.071105026
2,micA_0034.wav,0.011343908263370395,3.462372362613678,1.7733303010463715,1.68904210627079,1.3012222,0.05748403
2,micA_0035.wav,0.011845889035612345,3.4405521154403687,2.0889998972415924,1.3515521883964539,1.17243,0.042346627
2,micA_0036.wav,0.012079010950401425,3.202530086040497,1.6011366844177246,1.6013934314250946,1.2011203,0.03966824
2,micA_0037.wav,0.016096852254122496,2.8983601331710815,1.5190358757972717,1.3793242275714874,1.1721963,0.045670643
2,micA_0038.wav,0.013330538757145405,3.1621177196502686,1.6415819823741913,1.5205357074737549,1.1603155,0.0517279
2,micA_0039.wav,0.01288035442121327,3.1616381406784058,1.7989999055862427,1.3626382946968079,1.2426962,0.045469742
2,micA_0040.wav,0.011731349164620042,3.452770948410034,1.5053627789020538,1.9474081099033356,1.3000662,0.05981809
2,micA_0041.wav,0.011166419833898544,3.116319715976715,1.7363506257534027,1.3799691200256348,1.3692113,0.06197004
2,micA_0042.wav,0.009652185253798962,3.3015170097351074,1.4482394456863403,1.8532775342464447,1.3468357,0.050902072
2,micA_0043.wav,0.014072322752326727,2.993188440799713,1.8285180926322937,1.1646703630685806,1.3818276,0.064685546
2,micA_0044.wav,0.011011875700205564,2.8944843411445618,1.3260295540094376,1.5684548020362854,1.3473841,0.04436571
2,micA_0045.wav,0.011062488425523043,3.202359437942505,1.227428674697876,1.9749307930469513,1.1582963,0.052666184
2,micA_0046.wav,0.012770106317475438,3.1747882962226868,1.973456084728241,1.2013321816921234,1.1297685,0.041214094
2,micA_0047.wav,0.009545338805764914,3.0281906723976135,1.1912558525800705,1.8369348049163818,1.1089724,0.042478293
2,micA_0048.wav,0.01014396850951016,3.0706435441970825,1.4885229468345642,1.582120567560196,1.1011531,0.065223046
2,micA_0049.wav,0.011079357704147696,2.779983103275299,1.1122638136148453,1.667719304561615,1.1338772,0.05839477
2,micA_0050.wav,0.01361624407581985,2.604688346385956,1.1353502124547958,1.469338059425354,1.141332,0.05468169
2,micA_0051.wav,0.014218390686437488,2.3331420719623566,1.4612518846988678,0.8718901574611664,1.1975346,0.031169042
2,micA_0052.wav,0.013560390332713723,3.2485828399658203,1.3245737105607986,1.924009084701538,1.1634874,0.029977202
2,micA_0053.wav,0.017586529487743974,2.8768864274024963,1.6970884799957275,1.1797979921102524,1.227831,0.05560201
2,micA_0054.wav,0.020377192180603743,2.7616056203842163,2.123108685016632,0.6384968981146812,1.274304,0.058656164
2,micA_0055.wav,0.014213037909939885,3.633903920650482,1.872951090335846,1.7609528601169586,1.2881643,0.09815781
2,micA_0056.wav,0.01967762503772974,3.276569187641144,1.8433904498815536,1.4331786930561066,1.3143481,0.098004036
2,micA_0057.wav,0.01624068059027195,4.087089776992798,3.01500141620636,1.0720882415771484,1.3044276,0.0577711
2,micA_0058.wav,0.011910403845831752,4.656284809112549,2.3085342347621918,2.347750663757324,1.2403063,0.06421755
2,micA_0059.wav,0.01739629521034658,2.813488006591797,1.2394821047782898,1.574005901813507,1.1704526,0.030612394
2,micA_0060.wav,0.018017690628767014,3.3437134623527527,2.375724494457245,0.9679890275001526,1.2820789,0.07894629
2,micA_0061.wav,0.015251594129949808,3.1789295077323914,1.7384971976280212,1.4404322504997253,1.1611044,0.059160434
2,micA_0062.wav,0.01163511979393661,3.8671447038650513,1.897866576910019,1.9692781567573547,1.2122626,0.04901474
2,micA_0063.wav,0.019099871162325144,2.9231401681900024,1.8128408789634705,1.1102993041276932,1.2738606,0.07221778
2,micA_0064.wav,0.01087082177400589,3.2647013068199158,1.4953763782978058,1.7693248987197876,1.220927,0.0790167
2,micA_0065.wav,0.009766199509613216,3.19153368473053,1.5881394445896149,1.603394240140915,1.1606512,0.046971895
2,micA_0066.wav,0.010695112403482199,3.019706130027771,1.6648695170879364,1.3548366129398346,1.2008668,0.05042335
2,micA_0067.wav,0.009592497954145074,3.052776515483856,1.3670364022254944,1.6857400834560394,1.1397278,0.049669113
2,micA_0068.wav,0.011363880941644311,3.110603630542755,1.6112293601036072,1.4993743002414703,1.1356332,0.08466562
2,micA_0069.wav,0.010051957331597805,3.0770228505134583,1.502776175737381,1.5742467045783997,1.1834221,0.09496093
2,micA_0070.wav,0.012201773934066296,3.148755669593811,1.7161109447479248,1.4326446950435638,1.1687224,0.08202951
2,micA_0071.wav,0.009824525099247694,3.0803732872009277,1.4858443439006805,1.5945289731025696,1.2503167,0.08164916
2,micA_0072.wav,0.010846821358427405,3.032626450061798,1.415198415517807,1.6174279749393463,1.1761613,0.05308241
2,micA_0073.wav,0.012745981803163886,2.728839874267578,1.3060217201709747,1.422818124294281,1.1650033,0.015995864
2,micA_0074.wav,0.016014944994822145,2.5145665407180786,1.2249397188425064,1.289626806974411,1.1133946,0.05514799
2,micA_0075.wav,0.01273254700936377,2.6492438316345215,1.1170186698436737,1.532225102186203,1.2038643,0.07855954
2,micA_0076.wav,0.013166880700737238,3.1151790618896484,1.42273810505867,1.692440927028656,1.1198556,0.039487768
2,micA_0077.wav,0.014741554157808423,4.306325554847717,3.596508264541626,0.7098173648118973,1.2915788,0.06738545
2,micA_0078.wav,0.008499384275637567,4.796195149421692,2.205809563398361,2.5903855562210083,1.2064174,0.050331004
2,micA_0079.wav,0.014649366494268179,3.145401179790497,1.4618359208106995,1.6835652887821198,1.3608904,0.048193146
2,micA_0080.wav,0.011916612507775426,4.3100199699401855,2.8193476796150208,1.4906721413135529,1.6242676,0.045206524
2,micA_0081.wav,0.013282597297802567,3.1026947498321533,1.6419480741024017,1.4607466161251068,1.409493,0.04424125
2,micA_0082.wav,0.013100707670673728,2.8820210695266724,1.402632713317871,1.4793883562088013,1.2757921,0.021414327
2,micA_0083.wav,0.009547717869281769,3.2224337458610535,1.7034266591072083,1.5190071165561676,1.4423772,0.05060218
2,micA_0084.wav,0.012534743873402476,2.9831115007400513,1.390679955482483,1.5924315452575684,1.4520657,0.06905623
2,micA_0085.wav,0.01480324612930417,2.8047871589660645,1.4853755831718445,1.31941157579422,1.270951,0.0736133
2,micA_0086.wav,0.009989937767386436,2.9359412789344788,1.2824272513389587,1.65351402759552,1.3325751,0.057501037
2,micA_0087.wav,0.01345475111156702,2.6962252855300903,1.1114821285009384,1.584743171930313,1.2303259,0.052941203
2,micA_0088.wav,0.01653042109683156,2.5637919306755066,1.19982548058033,1.3639664500951767,1.3803356,0.05917005
2,micA_0089.wav,0.009534797398373485,3.26746529340744,0.8214953243732452,2.445969879627228,1.34568,0.07985498
2,micA_0090.wav,0.018103150185197592,3.437494158744812,2.6562114357948303,0.7812827378511429,1.2526872,0.026961869
2,micA_0091.wav,0.013601426966488361,3.6051982641220093,1.9933046698570251,1.6118936389684677,1.4190235,0.06439247
2,micA_0092.wav,0.014023412950336933,2.7691347002983093,1.0229884833097458,1.7461462318897247,1.1514084,0.06979636
2,micA_0093.wav,0.020742893684655428,3.189933121204376,2.589508831501007,0.6004243344068527,1.2359418,0.07716045
2,micA_0094.wav,0.011645186459645629,2.9365038871765137,1.6815790086984634,1.2549248337745667,1.2066388,0.03164198
2,micA_0095.wav,0.008285981719382107,3.631818950176239,0.4279661402106285,3.203852891921997,1.219926,0.041852932
2,micA_0096.wav,0.018304651137441397,3.2080687284469604,1.421943038702011,1.786125808954239,1.2048975,0.06348427
2,micA_0097.wav,0.017334059346467257,3.017784297466278,2.102619171142578,0.9151651561260223,1.3914074,0.05871322
2,micA_0098.wav,0.009229560382664204,3.472232937812805,1.864931881427765,1.607301026582718,1.2074634,0.06878387
2,micA_0099.wav,0.013714750995859504,3.2299763560295105,1.1429103314876556,2.087066024541855,1.2181481,0.048614644
2,micA_0100.wav,0.020555542781949043,3.49768728017807,2.6310865581035614,0.8666007220745087,1.4637629,0.11985913
3,micA_0001.wav,0.017509425058960915,3.3803932070732117,2.345972567796707,1.0344205796718597,1.3446885,0.09846226
3,micA_0002.wav,0.012301566544920206,3.026514708995819,0.6773897632956505,2.3491249680519104,1.2299392,0.033875044
3,micA_0003.wav,0.017719825264066458,3.121560275554657,1.4934473633766174,1.6281128823757172,1.1265981,0.018414771
3,micA_0004.wav,0.018824547762051225,3.368269205093384,1.9736450910568237,1.3946241438388824,1.2103789,0.07316077
3,micA_0005.wav,0.016500545432791114,3.2080339789390564,1.296791359782219,1.9112426340579987,1.243007,0.082567066
3,micA_0006.wav,0.021466380450874567,3.09781950712204,1.766409009695053,1.331410527229309,1.2198617,0.07859887
3,micA_0007.wav,0.020630217622965574,2.767124116420746,1.3893869519233704,1.3777371644973755,1.2632669,0.092302196
3,micA_0008.wav,0.017863967455923557,2.6280229091644287,1.3783695101737976,1.2496534287929535,1.4270024,0.10119875
3,micA_0009.wav,0.016509736189618707,2.834763765335083,1.1898410320281982,1.6449227631092072,1.3275496,0.036196597
3,micA_0010.wav,0.022153170313686132,2.6252430081367493,1.5540966093540192,1.0711463391780853,1.3468032,0.038037106
3,micA_0011.wav,0.019965901039540768,2.9171544313430786,1.903487116098404,1.0136673003435135,1.5522139,0.05014131
3,micA_0012.wav,0.016202207887545228,3.2303830981254578,1.429953932762146,1.8004291951656342,1.579641,0.08323538
3,micA_0013.wav,0.01993107656016946,3.303618848323822,2.0233205258846283,1.2802982926368713,1.6002715,0.06362585
3,micA_0014.wav,0.016100476495921612,3.2985583543777466,1.8786163926124573,1.4199419617652893,1.6202408,0.08643189
3,micA_0015.wav,0.016543743200600147,2.9599804878234863,1.5495606362819672,1.4104198217391968,1.6144047,0.063112974
3,micA_0016.wav,0.013430510414764285,2.9033652544021606,1.4589454531669617,1.4444197416305542,1.6538193,0.07971051
3,micA_0017.wav,0.018354954198002815,2.6581066250801086,1.050214022397995,1.607892632484436,1.5253736,0.10276146
3,micA_0018.wav,0.019238950219005346,2.7940548062324524,1.5604841709136963,1.2335706651210785,1.4949756,0.06160764
3,micA_0019.wav,0.01623862376436591,2.7768871188163757,1.32944718003273,1.447439968585968,1.6027026,0.09112616
3,micA_0020.wav,0.014581334544345737,2.7456690669059753,1.2156011164188385,1.5300679802894592,1.4172382,0.07521004
3,micA_0021.wav,0.015735270222648978,2.6736080646514893,1.323711335659027,1.3498966693878174,1.4222581,0.11215832
3,micA_0022.wav,0.015319759957492352,2.738672614097595,1.2068994641304016,1.5317730903625488,1.5151842,0.059193943
3,micA_0023.wav,0.020028253085911274,2.4673295617103577,1.1636659801006317,1.3036635518074036,1.4188993,0.08813114
3,micA_0024.wav,0.020141172222793102,2.9502875208854675,2.1565488278865814,0.7937386929988861,1.583524,0.07486759
3,micA_0025.wav,0.01820719800889492,3.155352473258972,1.0002963244915009,2.155056208372116,1.5407331,0.10805467
3,micA_0026.wav,0.025134784169495106,4.462385892868042,2.7781765460968018,1.6842093765735626,1.6310675,0.08976487
3,micA_0027.wav,0.02302071452140808,4.286224722862244,3.231567084789276,1.0546577274799347,1.4566364,0.06624759
3,micA_0028.wav,0.01645610178820789,4.357478737831116,2.7159112095832825,1.6415674090385437,1.4344023,0.04067681
3,micA_0029.wav,0.015741162234917283,3.182687997817993,1.666560024023056,1.5161279439926147,1.3731709,0.05936909
3,micA_0030.wav,0.01571338577196002,2.900136172771454,1.4023057222366333,1.4978305101394653,1.3829048,0.034163386
3,micA_0031.wav,0.017581149004399776,2.8914329409599304,1.413429707288742,1.478003203868866,1.3770502,0.05792561
3,micA_0032.wav,0.014285453129559755,2.9869288206100464,1.452118068933487,1.5348107516765594,1.3374596,0.055018656
3,micA_0033.wav,0.016361072659492493,2.913972318172455,1.4799984097480774,1.4339739084243774,1.2901348,0.07177152
3,micA_0034.wav,0.013417725451290607,3.075630009174347,1.5806639194488525,1.4949661195278168,1.274134,0.054659262
3,micA_0035.wav,0.014072346268221736,3.124074637889862,1.5099180340766907,1.6141566336154938,1.136601,0.03524417
3,micA_0036.wav,0.014971178257837892,2.964698910713196,1.521237999200821,1.4434609711170197,1.1408823,0.040350433
3,micA_0037.wav,0.018625060096383095,2.620885729789734,1.0610129088163376,1.5598728656768799,1.1246186,0.043773074
3,micA_0038.wav,0.01810472784563899,2.712603747844696,1.490234911441803,1.2223688066005707,1.1118557,0.04857374
3,micA_0039.wav,0.016327126417309046,2.961158335208893,1.3505421578884125,1.6106162667274475,1.1593151,0.049152385
3,micA_0040.wav,0.017588463611900806,3.225133776664734,1.6386997401714325,1.5864340364933014,1.1914358,0.060206793
3,micA_0041.wav,0.01634499104693532,3.1063255667686462,1.7232803106307983,1.383045256137848,1.186064,0.06525509
3,micA_0042.wav,0.012908025179058313,5.013866901397705,2.318608045578003,2.6952588260173798,1.2034932,0.054905664
3,micA_0043.wav,0.023126890882849693,4.252535462379456,2.6284513771533966,1.624084085226059,1.2112567,0.06956602
3,micA_0044.wav,0.02750985138118267,4.622022867202759,3.035019338130951,1.5870034396648407,1.2464291,0.05500283
3,micA_0045.wav,0.032872479408979416,4.655457973480225,3.6000075936317444,1.0554503053426743,1.1504575,0.058100183
3,micA_0046.wav,0.023916470352560282,4.309986710548401,2.9049071073532104,1.4050796329975128,1.1510494,0.057764597
3,micA_0047.wav,0.01589823211543262,3.535820424556732,1.5145236551761627,2.021296799182892,1.1244415,0.051539578
3,micA_0048.wav,0.017372705275192857,3.591374397277832,1.7955195307731628,1.7958548367023468,1.1708659,0.06803241
3,micA_0049.wav,0.017658787313848734,3.0966904759407043,1.5915499031543732,1.5051405727863312,1.1970335,0.057406213
3,micA_0050.wav,0.016379098407924175,2.9856885075569153,1.1226844638586044,1.8630040287971497,1.2522466,0.06409371
3,micA_0051.wav,0.019809081219136715,2.917672336101532,1.8721091151237488,1.0455632358789444,1.3109472,0.04402947
3,micA_0052.wav,0.016808839980512857,2.8517953157424927,1.166527897119522,1.6852674782276154,1.2826302,0.032663405
3,micA_0053.wav,0.018222440965473652,2.9441146850585938,1.4649404287338257,1.4791742861270905,1.292758,0.06143974
3,micA_0054.wav,0.0163730476051569,2.9217373728752136,1.4413435459136963,1.4803938269615173,1.3447645,0.061349165
3,micA_0055.wav,0.01567002572119236,2.8775365352630615,1.4333475232124329,1.444189041852951,1.3109709,0.09994946
3,micA_0056.wav,0.0176070393063128,2.580458641052246,1.1626416444778442,1.417816936969757,1.289586,0.09967326
3,micA_0057.wav,0.013463296461850405,2.884153127670288,1.4193235337734222,1.4648295044898987,1.3122418,0.051892582
3,micA_0058.wav,0.012927018804475665,3.0363685488700867,1.490836262702942,1.5455322563648224,1.3209445,0.07226756
3,micA_0059.wav,0.022327436599880457,2.3089253902435303,1.0931482017040253,1.215777188539505,1.2233208,0.027239984
3,micA_0060.wav,0.0255612856708467,2.7438843846321106,2.1680639386177063,0.5758204609155655,1.357634,0.074334055
3,micA_0061.wav,0.01858806819655001,2.453542947769165,1.2966989576816559,1.1568439900875092,1.2543273,0.057585
3,micA_0062.wav,0.011115722125396132,3.753393054008484,1.2787724137306213,2.4746205806732178,1.3633847,0.04504358
3,micA_0063.wav,0.02686091000214219,2.853307008743286,1.5418207794427872,1.3114862591028214,1.4306928,0.072858885
3,micA_0064.wav,0.026101713068783283,4.5796589851379395,3.064246118068695,1.5154128819704056,1.4516803,0.0838586
3,micA_0065.wav,0.02086305571720004,4.954939842224121,3.3785746097564697,1.5763652324676514,1.3428099,0.049933657
3,micA_0066.wav,0.01667615375481546,4.254977166652679,2.1417600512504578,2.113217204809189,1.4357219,0.05535575
3,micA_0067.wav,0.0180313172750175,4.081368684768677,2.395685613155365,1.6856831908226013,1.2196442,0.05481259
3,micA_0068.wav,0.020111135207116604,3.489602565765381,2.0407263934612274,1.4488761126995087,1.2723627,0.082418375
3,micA_0069.wav,0.016275367699563503,3.30500590801239,1.7445537149906158,1.5604521930217743,1.3773949,0.1011976
3,micA_0070.wav,0.018401867244392633,2.764675557613373,1.4259989261627197,1.3386766612529755,1.2720928,0.07884638
3,micA_0071.wav,0.014553019078448415,2.7538117170333862,1.2339096665382385,1.5199020206928253,1.442688,0.0831233
3,micA_0072.wav,0.01527700200676918,3.1469706296920776,1.621292769908905,1.5256778299808502,1.2603928,0.05573786
3,micA_0073.wav,0.016434155171737075,3.258299469947815,1.8061343133449554,1.4521650969982147,1.1956949,0.016752731
3,micA_0074.wav,0.016352087259292603,3.2464449405670166,1.5497563779354095,1.696688562631607,1.1635821,0.053402126
3,micA_0075.wav,0.017997631104663014,3.1403872966766357,1.4763633906841278,1.6640238761901855,1.2267962,0.07867355
3,micA_0076.wav,0.013308186084032059,3.189191162586212,1.7369357347488403,1.4522553980350494,1.1475761,0.037152186
3,micA_0077.wav,0.010833305772393942,3.1135306358337402,1.1012009978294373,2.0123296082019806,1.1938512,0.071282595
3,micA_0078.wav,0.015849340241402388,3.088954746723175,1.9361669719219208,1.1527877449989319,1.1600167,0.046203174
3,micA_0079.wav,0.016047995537519455,2.705397605895996,1.2413577437400818,1.4640398621559143,1.1947767,0.043663718
3,micA_0080.wav,0.012221671873703599,3.0772838592529297,1.5103192031383514,1.566964566707611,1.2599041,0.02441084
3,micA_0081.wav,0.01904060784727335,2.5751057267189026,1.4333668053150177,1.1417389214038849,1.2079979,0.031807803
3,micA_0082.wav,0.019642220810055733,3.7926061749458313,2.557383745908737,1.2352223694324493,1.1534956,0.01577907
3,micA_0083.wav,0.019822126254439354,3.4121399521827698,2.622917354106903,0.7892226129770279,1.158443,0.05167874
3,micA_0084.wav,0.015280416933819652,2.8317856192588806,1.313864827156067,1.5179208815097809,1.1554236,0.05706792
3,micA_0085.wav,0.02281631389632821,2.788693070411682,1.4528631567955017,1.3358299881219864,1.1154784,0.06789146
3,micA_0086.wav,0.016691786237061024,3.1155030727386475,1.88611900806427,1.2293840795755386,1.1531987,0.055448364
3,micA_0087.wav,0.017660501645877957,2.780719816684723,0.780163124203682,2.0005566477775574,1.1699945,0.04570956
3,micA_0088.wav,0.026679466478526592,3.2147029042243958,1.9682306051254272,1.2464722841978073,1.4334186,0.06367595
3,micA_0089.wav,0.02651295717805624,4.600155711174011,2.8073847889900208,1.7927709370851517,1.4649825,0.0843895
3,micA_0090.wav,0.024531534872949123,4.019542455673218,3.048260450363159,0.9712820202112198,1.2675725,0.03351393
3,micA_0091.wav,0.018050826620310545,3.2848334908485413,1.7628453075885773,1.5219881534576416,1.3374635,0.063908555
3,micA_0092.wav,0.016180691309273243,2.9887011647224426,1.0966084897518158,1.8920927047729492,1.1600502,0.066718996
3,micA_0093.wav,0.02110975794494152,3.0231608748435974,1.8324927389621735,1.190668135881424,1.2434577,0.077501886
3,micA_0094.wav,0.015159767121076584,2.949789881706238,1.459549218416214,1.4902406334877014,1.2601285,0.03522007
3,micA_0095.wav,0.017550057265907526,2.96514356136322,1.2396206557750702,1.7255228459835052,1.266008,0.04751143
3,micA_0096.wav,0.025340247433632612,3.0050641894340515,1.9627799987792969,1.0422841757535934,1.2663778,0.06213845
3,micA_0097.wav,0.016757202334702015,3.173004388809204,1.5367861241102219,1.6362182796001434,1.4809995,0.059034698
3,micA_0098.wav,0.010588807985186577,3.5075517892837524,1.1164691150188446,2.3910827040672302,1.2558358,0.06812148
3,micA_0099.wav,0.02163974428549409,3.1864667534828186,1.746931940317154,1.4395347833633423,1.3160474,0.049107708
3,micA_0100.wav,0.022483046166598797,3.300033926963806,2.3623105883598328,0.937723308801651,1.553811,0.12293325
4,micA_0001.wav,0.01717703090980649,3.284364640712738,1.602295607328415,1.6820690333843231,1.4210986,0.09937924
4,micA_0002.wav,0.02299609687179327,2.9652294516563416,1.4691860675811768,1.4960434138774872,1.2795091,0.036082763
4,micA_0003.wav,0.01946769468486309,3.1159860491752625,1.6640739142894745,1.4519121646881104,1.164331,0.019977361
4,micA_0004.wav,0.022865105886012316,3.283905863761902,1.5682376027107239,1.7156682908535004,1.296617,0.070873745
4,micA_0005.wav,0.02480575628578663,3.116939067840576,1.82456636428833,1.2923727333545685,1.3762039,0.086265124
4,micA_0006.wav,0.02282296121120453,3.0766987204551697,1.5497440993785858,1.5269546210765839,1.3501074,0.07914074
4,micA_0007.wav,0.023969060741364956,2.9093499779701233,1.3511681854724884,1.5581817328929901,1.3075337,0.09517244
4,micA_0008.wav,0.020875138230621815,2.898723304271698,1.4363991618156433,1.46232408285141,1.4205191,0.10234661
4,micA_0009.wav,0.02096719155088067,2.939039409160614,1.4272613525390625,1.5117781162261963,1.2796798,0.037471883
4,micA_0010.wav,0.02224415447562933,2.7614588141441345,1.319173350930214,1.4422854483127594,1.2630509,0.036512204
4,micA_0011.wav,0.02075871080160141,2.8711715936660767,1.4015236794948578,1.469648003578186,1.3896112,0.048179008
4,micA_0012.wav,0.021159077528864145,2.8981181979179382,1.4589694440364838,1.4391487836837769,1.5212274,0.07878994
4,micA_0013.wav,0.020653290208429098,3.1404240131378174,1.624340534210205,1.5160834193229675,1.614157,0.059427813
4,micA_0014.wav,0.01725203450769186,3.9210103154182434,1.6059258878231049,2.3150843679904938,1.7409445,0.08246937
4,micA_0015.wav,0.02265584748238325,3.6348355412483215,1.7852703034877777,1.849565178155899,1.8715723,0.05666219
4,micA_0016.wav,0.029222644865512848,3.9197195172309875,2.8994102478027344,1.0203092247247696,1.9377847,0.07797232
4,micA_0017.wav,0.028224874287843704,3.441993832588196,2.028284102678299,1.4137097001075745,1.8120186,0.10747881
4,micA_0018.wav,0.026311249006539583,3.312132477760315,1.7054666578769684,1.6066657900810242,1.6689982,0.06762529
4,micA_0019.wav,0.0238783061504364,3.1186049580574036,1.9180187582969666,1.2005862444639206,1.6493871,0.1112211
4,micA_0020.wav,0.018299079965800047,2.8014455437660217,1.1623434573411942,1.639102041721344,1.4142342,0.08379264
4,micA_0021.wav,0.02110396744683385,2.8228222131729126,1.4801100492477417,1.3427121341228485,1.388761,0.1181788
4,micA_0022.wav,0.020002052187919617,3.01573383808136,1.4579786658287048,1.5577552020549774,1.3882867,0.0625614
4,micA_0023.wav,0.021579849999397993,2.9033820629119873,1.3968332409858704,1.5065488815307617,1.2940011,0.08569409
4,micA_0024.wav,0.017874252516776323,3.013645887374878,1.4865570366382599,1.527088850736618,1.3433586,0.07314216
4,micA_0025.wav,0.023968975991010666,2.655842363834381,1.2711187899112701,1.3847236037254333,1.2367492,0.10174568
4,micA_0026.wav,0.019482141826301813,3.031062662601471,1.5002989768981934,1.5307636857032776,1.2957866,0.08330823
4,micA_0027.wav,0.01752641098573804,3.033823072910309,1.533115565776825,1.5007075369358063,1.2032468,0.061772
4,micA_0028.wav,0.017636779230087996,3.359250843524933,1.797737866640091,1.5615129470825195,1.1880873,0.030303255
4,micA_0029.wav,0.02004221547394991,2.8605844974517822,1.4661327302455902,1.394451767206192,1.2298821,0.056093473
4,micA_0030.wav,0.021023813169449568,2.794419825077057,1.2218278050422668,1.5725919306278229,1.2706708,0.029394774
4,micA_0031.wav,0.02818582719191909,2.803914487361908,1.644486427307129,1.1594280153512955,1.3397062,0.05408203
4,micA_0032.wav,0.019656659569591284,3.3624797463417053,1.9799908101558685,1.3824889063835144,1.308321,0.050077952
4,micA_0033.wav,0.019625258864834905,3.586676836013794,1.0134244859218597,2.573252260684967,1.366482,0.068715364
4,micA_0034.wav,0.025630803778767586,3.629844307899475,2.2909567058086395,1.338887631893158,1.3844993,0.051134672
4,micA_0035.wav,0.02249865233898163,3.6855390071868896,2.2612116038799286,1.4243273437023163,1.2008415,0.0403254
4,micA_0036.wav,0.022815159056335688,3.4297778606414795,1.7573155760765076,1.672462284564972,1.2003411,0.04191175
4,micA_0037.wav,0.029854230117052794,3.398171603679657,1.9292682111263275,1.468903362751007,1.15727,0.04220582
4,micA_0038.wav,0.027533819898962975,3.640880763530731,2.168030470609665,1.4728503227233887,1.1567568,0.04835831
4,micA_0039.wav,0.022494910284876823,3.3893343806266785,1.769609123468399,1.6197252571582794,1.2302679,0.047936015
4,micA_0040.wav,0.028179735876619816,3.318418502807617,1.849030315876007,1.46938818693161,1.2993265,0.05763755
4,micA_0041.wav,0.01918244012631476,3.0622273683547974,1.6416225731372833,1.4206047505140305,1.3022989,0.061845984
4,micA_0042.wav,0.021095010451972485,2.8960331678390503,1.2160184681415558,1.6800146698951721,1.2836185,0.04925021
4,micA_0043.wav,0.019811625592410564,3.1035863757133484,1.6316959261894226,1.4718904197216034,1.3366795,0.063623644
4,micA_0044.wav,0.021785871125757694,3.2370715141296387,1.538093388080597,1.6989781856536865,1.2952019,0.04195286
4,micA_0045.wav,0.01953696273267269,3.5145046710968018,1.9957332015037537,1.5187714397907257,1.1683125,0.05065423
4,micA_0046.wav,0.019162400159984827,3.4528552889823914,1.7155898213386536,1.7372654676437378,1.1493506,0.04143073
4,micA_0047.wav,0.019823311362415552,3.45507675409317,1.9836995601654053,1.4713772237300873,1.1345083,0.046875346
4,micA_0048.wav,0.0159240560606122,3.3103007078170776,1.4545611441135406,1.855739563703537,1.1273888,0.064381205
4,micA_0049.wav,0.02050179708749056,3.205131471157074,1.7128625214099884,1.4922689497470856,1.1437248,0.058277566
4,micA_0050.wav,0.01960166683420539,3.110342502593994,1.5109929144382477,1.5993496179580688,1.1510009,0.058747098
4,micA_0051.wav,0.019185901153832674,3.0514221787452698,1.4590084254741669,1.5924137234687805,1.1486437,0.039219704
4,micA_0052.wav,0.0256532970815897,2.635131537914276,1.2903496325016022,1.3447819352149963,1.1314305,0.035042815
4,micA_0053.wav,0.020527823828160763,2.7666701078414917,1.340931475162506,1.425738662481308,1.1439534,0.06326551
4,micA_0054.wav,0.024353085085749626,2.5553115606307983,1.190626084804535,1.3646854162216187,1.1804507,0.05915742
4,micA_0055.wav,0.02087888866662979,2.7014573216438293,1.3621298968791962,1.3393273949623108,1.2483149,0.09293843
4,micA_0056.wav,0.025285001378506422,2.3337841033935547,1.0484751909971237,1.2853089272975922,1.3395339,0.088929065
4,micA_0057.wav,0.018230981193482876,3.02353572845459,1.5251316726207733,1.4984040558338165,1.3286616,0.051290426
4,micA_0058.wav,0.019821619149297476,3.598417043685913,1.8139092326164246,1.7845077812671661,1.3138794,0.057606775
4,micA_0059.wav,0.03120345575734973,2.5290274620056152,1.4807494282722473,1.0482780635356903,1.2718737,0.024325922
4,micA_0060.wav,0.02527063200250268,3.1915063858032227,1.9099439084529877,1.2815625071525574,1.4793079,0.07217764
4,micA_0061.wav,0.024824022315442562,3.4668555855751038,1.3882701992988586,2.0785854160785675,1.2946789,0.05359055
4,micA_0062.wav,0.029957295395433903,4.992789387702942,3.2922914624214172,1.7004977464675903,1.5032935,0.04297841
4,micA_0063.wav,0.03940851893275976,3.678093135356903,2.8799169063568115,0.7981761991977692,1.5543413,0.07054866
4,micA_0064.wav,0.02470881538465619,4.377548813819885,2.3789672255516052,1.9985816180706024,1.5058756,0.08131823
4,micA_0065.wav,0.0159170082770288,4.180407285690308,1.9292517602443695,2.2511556148529053,1.360555,0.04725743
4,micA_0066.wav,0.019533589016646147,3.5939559936523438,1.540773630142212,2.053182363510132,1.4634097,0.05641355
4,micA_0067.wav,0.023575766012072563,3.8562480807304382,2.5514549016952515,1.3047931790351868,1.2562472,0.049039602
4,micA_0068.wav,0.02139953663572669,3.376480460166931,1.689049869775772,1.687430590391159,1.276145,0.08538614
4,micA_0069.wav,0.022028268314898014,3.6527634263038635,2.1314905285835266,1.5212728083133698,1.4689285,0.100662544
4,micA_0070.wav,0.023850183002650738,3.1557305455207825,1.629873126745224,1.5258574783802032,1.3421606,0.085044324
4,micA_0071.wav,0.01860873820260167,2.947427749633789,1.572539359331131,1.3748882710933685,1.5211442,0.09706441
4,micA_0072.wav,0.02385504636913538,2.984937846660614,1.3950245678424835,1.589913249015808,1.3196357,0.06839964
4,micA_0073.wav,0.02233151998370886,3.071034550666809,1.9161140024662018,1.154920518398285,1.2621046,0.021743406
4,micA_0074.wav,0.022121228743344545,3.192845106124878,1.3079553246498108,1.8848897814750671,1.1264623,0.05578421
4,micA_0075.wav,0.024179047904908657,3.254966914653778,2.0306088626384735,1.2243580222129822,1.2156097,0.077626415
4,micA_0076.wav,0.015968113439157605,3.2335643768310547,1.4323794841766357,1.801184892654419,1.1024626,0.035418052
4,micA_0077.wav,0.018091991543769836,3.119641602039337,1.6846626996994019,1.434978872537613,1.171136,0.06758528
4,micA_0078.wav,0.015778201166540384,3.111448645591736,1.4382548332214355,1.673193782567978,1.140631,0.043638296
4,micA_0079.wav,0.019383755046874285,3.200551152229309,1.6657564043998718,1.534794807434082,1.1665003,0.044163585
4,micA_0080.wav,0.016341581474989653,3.1249630451202393,1.5533587038516998,1.5716042816638947,1.2183996,0.023702985
4,micA_0081.wav,0.019395832903683186,3.076355814933777,1.5037182569503784,1.572637528181076,1.1619203,0.034186304
4,micA_0082.wav,0.019719677977263927,3.0242046117782593,1.4880567789077759,1.5361478328704834,1.1135107,0.019830296
4,micA_0083.wav,0.016713992692530155,3.105870306491852,1.5038906037807465,1.6019797325134277,1.1368246,0.045854952
4,micA_0084.wav,0.02000370156019926,2.864132046699524,1.4427423775196075,1.4213896989822388,1.1335199,0.058265217
4,micA_0085.wav,0.02364952117204666,2.5876026153564453,1.191792145371437,1.395810455083847,1.1015874,0.0667336
4,micA_0086.wav,0.01880198810249567,2.770369291305542,1.2991567552089691,1.4712125062942505,1.123579,0.05613137
4,micA_0087.wav,0.027107488829642534,2.305450677871704,1.1333563774824142,1.1720942854881287,1.1387514,0.045520406
4,micA_0088.wav,0.025089971255511045,2.210583508014679,1.0463315844535828,1.164251983165741,1.1458575,0.05814164
4,micA_0089.wav,0.01823016908019781,2.412541925907135,0.8547505922615528,1.557791382074356,1.1644467,0.072988644
4,micA_0090.wav,0.02084534801542759,2.6719890832901,1.19091235101223,1.4810767769813538,1.1516674,0.023113217
4,micA_0091.wav,0.02570245275273919,2.8976131081581116,1.6143859028816223,1.2832272350788116,1.2736108,0.056190662
4,micA_0092.wav,0.023661069571971893,2.590684473514557,1.3408303037285805,1.2498541474342346,1.1318451,0.065962255
4,micA_0093.wav,0.02163728466257453,3.04638671875,1.3463377058506012,1.700048953294754,1.2240553,0.07505217
4,micA_0094.wav,0.027514867950230837,2.6848514080047607,1.625856727361679,1.0589947402477264,1.2222607,0.02812163
4,micA_0095.wav,0.02384655550122261,2.780299186706543,1.3150448203086853,1.46525439620018,1.2393229,0.046001654
4,micA_0096.wav,0.02758649503812194,3.3453125953674316,1.5955828428268433,1.7497297823429108,1.2766987,0.06366563
4,micA_0097.wav,0.027177506126463413,3.905847907066345,1.8734939396381378,2.0323539674282074,1.5055186,0.06554733
4,micA_0098.wav,0.024773836135864258,4.433244109153748,2.9083674550056458,1.5248765647411346,1.3236785,0.07544572
4,micA_0099.wav,0.026980356313288212,4.5334120988845825,2.0932872593402863,2.4401249289512634,1.3863354,0.05650123
4,micA_0100.wav,0.04228824097663164,5.206953048706055,3.569707691669464,1.6372453570365906,1.2487403,0.12358542
5,micA_0001.wav,0.04222766309976578,5.209289073944092,4.288049101829529,0.9212399870157242,1.491203,0.09711709
5,micA_0002.wav,0.02735025156289339,4.7103431224823,2.5019999742507935,2.2083430886268616,1.4215037,0.043883678
5,micA_0003.wav,0.02922612288966775,5.18413519859314,2.7308130264282227,2.45332208275795,1.3670777,0.044698283
5,micA_0004.wav,0.05141586810350418,5.4397052526474,3.959716320037842,1.4799889028072357,1.36405,0.08765148
5,micA_0005.wav,0.0582680506631732,5.078391671180725,4.603967905044556,0.4744238555431366,1.3818077,0.092597224
5,micA_0006.wav,0.04092486761510372,4.343054294586182,3.5318779349327087,0.8111764043569565,1.368063,0.074249096
5,micA_0007.wav,0.02881693048402667,3.8901703357696533,1.6829141974449158,2.2072561383247375,1.3433101,0.09531626
5,micA_0008.wav,0.030153102707117796,3.149239480495453,1.841628074645996,1.3076114058494568,1.4601865,0.10002812
5,micA_0009.wav,0.02615571953356266,3.038752794265747,1.420616090297699,1.6181367635726929,1.3041604,0.040444437
5,micA_0010.wav,0.026928821578621864,2.9060413241386414,1.5409031808376312,1.365138202905655,1.3097337,0.042175565
5,micA_0011.wav,0.02416831348091364,3.050999879837036,1.4237994849681854,1.6272003650665283,1.3348682,0.049513634
5,micA_0012.wav,0.022991064935922623,3.096843719482422,1.6543247401714325,1.4425190389156342,1.3859872,0.08708398
5,micA_0013.wav,0.022685301024466753,3.1685465574264526,1.5350337624549866,1.633512794971466,1.2761064,0.0640601
5,micA_0014.wav,0.02129767695441842,3.165809750556946,1.5781434178352356,1.5876663029193878,1.3104906,0.09064651
5,micA_0015.wav,0.02275270875543356,3.172180712223053,1.6084021031856537,1.5637785196304321,1.3058283,0.061340623
5,micA_0016.wav,0.02160862646996975,3.150128126144409,1.5462436079978943,1.6038844883441925,1.2064525,0.07688821
5,micA_0017.wav,0.02641476783901453,2.865589439868927,1.389807790517807,1.4757816791534424,1.2419192,0.1062956
5,micA_0018.wav,0.026008034124970436,2.843908965587616,1.290161818265915,1.5537471771240234,1.1973517,0.058729585
5,micA_0019.wav,0.024119518231600523,2.9295533299446106,1.5054691135883331,1.4240842163562775,1.2901009,0.095783696
5,micA_0020.wav,0.02573456522077322,2.850016713142395,1.2846227288246155,1.5653939843177795,1.3491367,0.07407126
5,micA_0021.wav,0.024709918070584536,2.9380043148994446,1.5544235408306122,1.3835807740688324,1.5447595,0.10389036
5,micA_0022.wav,0.0237617208622396,3.1106651425361633,1.2608439177274704,1.8498212695121765,1.6879747,0.06402875
5,micA_0023.wav,0.031118148937821388,2.847084879875183,1.4935086965560913,1.3535761833190918,1.7605405,0.086404
5,micA_0024.wav,0.03664057143032551,3.439990997314453,2.500413954257965,0.9395771026611328,1.8464632,0.08195184
5,micA_0025.wav,0.03273387951776385,3.066391170024872,1.6184601783752441,1.447930932044983,1.5050588,0.10546728
5,micA_0026.wav,0.029627996031194925,3.379028022289276,1.7857244908809662,1.59330353140831,1.6589906,0.09982474
5,micA_0027.wav,0.026949037332087755,3.238271176815033,2.0101106464862823,1.2281605154275894,1.4289405,0.07038786
5,micA_0028.wav,0.021393574308604002,3.683795213699341,1.8281791806221008,1.85561603307724,1.4356503,0.03719387
5,micA_0029.wav,0.030956672504544258,3.4353449940681458,2.0989980697631836,1.3363469392061234,1.4597335,0.05765588
5,micA_0030.wav,0.025579509790986776,3.4920974373817444,1.8156686425209045,1.6764287948608398,1.5574577,0.046153784
5,micA_0031.wav,0.031972349155694246,3.7278424501419067,1.5981681048870087,2.129674345254898,1.5583184,0.065105245
5,micA_0032.wav,0.030934084206819534,3.423156261444092,2.2803836464881897,1.1427726447582245,1.4181759,0.058503
5,micA_0033.wav,0.023356831166893244,3.0574454069137573,1.3140629529953003,1.7433824241161346,1.3486643,0.087773405
5,micA_0034.wav,0.024883952923119068,2.9516220092773438,1.464697778224945,1.486924260854721,1.3218414,0.06583308
5,micA_0035.wav,0.021756635513156652,3.0077882409095764,1.512775719165802,1.4950125515460968,1.1547494,0.04979245
5,micA_0036.wav,0.023283489979803562,3.1697160601615906,1.4416343867778778,1.7280816733837128,1.12873,0.05152743
5,micA_0037.wav,0.025862186681479216,3.3263866901397705,1.8811344504356384,1.4452521800994873,1.1115788,0.04332212
5,micA_0038.wav,0.022829174995422363,3.3687744140625,1.6564180254936218,1.7123563885688782,1.1131227,0.049773086
5,micA_0039.wav,0.02216225676238537,3.317947804927826,1.715254694223404,1.6026930809020996,1.138171,0.048727293
5,micA_0040.wav,0.0236840657889843,3.2319024801254272,1.6953115165233612,1.5365910232067108,1.1390123,0.055191096
5,micA_0041.wav,0.020898100920021534,3.189378023147583,1.5363091826438904,1.653068870306015,1.1719661,0.059526272
5,micA_0042.wav,0.02049886854365468,3.141637921333313,1.6135365664958954,1.5281013548374176,1.1496657,0.05320415
5,micA_0043.wav,0.023419461213052273,3.0130710005760193,1.4310300052165985,1.5820410251617432,1.1342928,0.07050128
5,micA_0044.wav,0.024183424655348063,2.84994375705719,1.355776995420456,1.4941667914390564,1.1306818,0.053745113
5,micA_0045.wav,0.02544669806957245,2.8404752612113953,1.3993537425994873,1.441121518611908,1.107187,0.057802007
5,micA_0046.wav,0.02322751097381115,2.8179606795310974,1.2604592144489288,1.5575014352798462,1.1039525,0.04773465
5,micA_0047.wav,0.026101131457835436,2.611156463623047,1.1954469978809357,1.4157094657421112,1.0993875,0.046238028
5,micA_0048.wav,0.022073314990848303,2.9522249698638916,1.5218839943408966,1.4303410053253174,1.0871577,0.066672854
5,micA_0049.wav,0.025770172011107206,2.5949469804763794,0.9937757253646851,1.601171225309372,1.1190529,0.05545612
5,micA_0050.wav,0.03246866445988417,2.590056359767914,1.5253323018550873,1.0647240579128265,1.1296263,0.05969849
5,micA_0051.wav,0.026242864783853292,2.4593352675437927,1.2362125515937805,1.2231226563453674,1.2185323,0.034277942
5,micA_0052.wav,0.029270868748426437,2.2768988013267517,0.7391060888767242,1.5377927124500275,1.3197614,0.031896587
5,micA_0053.wav,0.031072210520505905,3.1918304562568665,1.9185580611228943,1.2732723653316498,1.445141,0.064372145
5,micA_0054.wav,0.029469821602106094,3.282041311264038,1.8902566134929657,1.3917847275733948,1.4528528,0.060695082
5,micA_0055.wav,0.025034017395228148,4.84915566444397,1.869543969631195,2.97961163520813,1.4797329,0.0992619
5,micA_0056.wav,0.03510080650448799,4.490549921989441,2.280216932296753,2.2103329598903656,1.5129604,0.10065192
5,micA_0057.wav,0.0348977642133832,5.600933909416199,4.0253190994262695,1.5756146013736725,1.2200551,0.059066117
5,micA_0058.wav,0.043185511603951454,7.506066203117371,4.96038293838501,2.545683264732361,1.4835683,0.09448451
5,micA_0059.wav,0.06285124458372593,6.012394070625305,5.233901262283325,0.7784928306937218,1.3643904,0.054335486
5,micA_0060.wav,0.05160144250839949,5.840046167373657,5.202564358711243,0.637481763958931,1.3852581,0.0729591
5,micA_0061.wav,0.03745026048272848,5.235641837120056,3.6078702807426453,1.6277714967727661,1.2898513,0.072190374
5,micA_0062.wav,0.03435781691223383,5.240743637084961,3.483779013156891,1.7569647133350372,1.334153,0.083594434
5,micA_0063.wav,0.042902590706944466,4.190436840057373,3.1671764254570007,1.0232603996992111,1.4181974,0.10070671
5,micA_0064.wav,0.028830100316554308,4.218490839004517,2.4790664613246918,1.73942431807518,1.3804505,0.093771175
5,micA_0065.wav,0.02495958609506488,3.5144476890563965,2.0571695268154144,1.4572781026363373,1.3382413,0.048510227
5,micA_0066.wav,0.025510271545499563,3.076579988002777,1.6858257353305817,1.3907542526721954,1.281591,0.056262508
5,micA_0067.wav,0.022485428489744663,2.9276490807533264,1.3963939249515533,1.5312551856040955,1.1846789,0.05149365
5,micA_0068.wav,0.02370409807190299,3.0700294971466064,1.5432017743587494,1.5268276929855347,1.1935538,0.08425703
5,micA_0069.wav,0.022940156515687704,2.89873468875885,1.440867155790329,1.4578675329685211,1.2965194,0.09511419
5,micA_0070.wav,0.023239771369844675,3.2680806517601013,1.5792457163333893,1.688834935426712,1.1714007,0.081269115
5,micA_0071.wav,0.02170958509668708,3.1840898394584656,1.6316039860248566,1.5524857938289642,1.2539303,0.08359762
5,micA_0072.wav,0.021441305056214333,3.3470793962478638,1.6192639768123627,1.7278154790401459,1.1599755,0.062082484
5,micA_0073.wav,0.024395809043198824,3.4120166301727295,1.9644537568092346,1.4475629031658173,1.1201451,0.023591919
5,micA_0074.wav,0.024749184027314186,3.362111449241638,1.648290902376175,1.7138205468654633,1.0931985,0.060654018
5,micA_0075.wav,0.024918156675994396,3.1940038800239563,1.593260645866394,1.6007432639598846,1.126164,0.085714005
5,micA_0076.wav,0.021398681215941906,3.1858981251716614,1.5902016758918762,1.5956965386867523,1.0925454,0.04728905
5,micA_0077.wav,0.020337442867457867,3.168045997619629,1.5853627920150757,1.582683116197586,1.1165994,0.074268244
5,micA_0078.wav,0.02055561449378729,3.175933599472046,1.5924615859985352,1.5834720134735107,1.0982728,0.056045286
5,micA_0079.wav,0.02419174648821354,3.0037193298339844,1.4656645953655243,1.5380547642707825,1.1274164,0.048026197
5,micA_0080.wav,0.020317451562732458,3.1652377247810364,1.5513522326946259,1.6138854920864105,1.1647905,0.033598002
5,micA_0081.wav,0.023806666489690542,2.9492633938789368,1.407836765050888,1.5414266288280487,1.1330748,0.03926338
5,micA_0082.wav,0.024372743908315897,2.9057632088661194,1.3891653418540955,1.5165978074073792,1.1009877,0.024778038
5,micA_0083.wav,0.02094147400930524,3.0835031867027283,1.4974222481250763,1.586080938577652,1.1175503,0.053656384
5,micA_0084.wav,0.024761822540313005,2.8436153531074524,1.411497414112091,1.4321179687976837,1.1072099,0.062917076
5,micA_0085.wav,0.02833646396175027,2.611918807029724,1.2242945581674576,1.3876242935657501,1.0917939,0.073407866
5,micA_0086.wav,0.02258689282462001,2.8280251026153564,1.3237925469875336,1.5042325556278229,1.1223096,0.057082817
5,micA_0087.wav,0.030603572260588408,2.4401801228523254,1.160874292254448,1.2793059051036835,1.1278354,0.048238296
5,micA_0088.wav,0.028292261064052582,2.3587058782577515,1.094839945435524,1.2638658583164215,1.1790266,0.062143993
5,micA_0089.wav,0.02170393755659461,2.5563055276870728,0.9259314984083176,1.6303740441799164,1.22513,0.07635414
5,micA_0090.wav,0.02378974575549364,2.8822516202926636,1.387919843196869,1.4943317770957947,1.1856122,0.03025673
5,micA_0091.wav,0.027435137890279293,3.1390386819839478,1.3978334367275238,1.741205245256424,1.3056937,0.06858032
5,micA_0092.wav,0.029768490698188543,3.1928486824035645,1.7275978475809097,1.465250849723816,1.1422135,0.07314602
5,micA_0093.wav,0.030038905330002308,4.168490886688232,1.9206185936927795,2.2478722631931305,1.2539043,0.08599915
5,micA_0094.wav,0.036052681505680084,3.99686998128891,2.508829414844513,1.4880405068397522,1.2504795,0.043057412
5,micA_0095.wav,0.034847212955355644,4.488324880599976,2.586041569709778,1.9022833704948425,1.251465,0.058724225
5,micA_0096.wav,0.044846015982329845,4.5755615234375,2.992358922958374,1.5832024812698364,1.2798878,0.07657312
5,micA_0097.wav,0.03249364858493209,4.483903765678406,2.6783239543437958,1.8055797815322876,1.3982372,0.08645792
5,micA_0098.wav,0.02273043617606163,4.554012298583984,2.346038341522217,2.207973897457123,1.3030621,0.09048761
5,micA_0099.wav,0.036462525837123394,4.2149927616119385,2.679201662540436,1.5357911884784698,1.3033917,0.078159206
5,micA_0100.wav,0.03746179211884737,4.360008001327515,3.1367948055267334,1.223213255405426,1.4348453,0.14364474
6,micA_0001.wav,0.03484518826007843,4.33706271648407,2.760648190975189,1.5764145255088806,1.393354,0.112757064
6,micA_0002.wav,0.03679356165230274,3.916536331176758,2.2756620049476624,1.640874296426773,1.3134848,0.05885215
6,micA_0003.wav,0.03599603846669197,3.9131991863250732,2.474291503429413,1.4389076828956604,1.3041645,0.058276977
6,micA_0004.wav,0.03538584150373936,3.6811437010765076,1.8797962367534637,1.8013474643230438,1.3061991,0.08866112
6,micA_0005.wav,0.03743401821702719,3.221735954284668,1.9087521731853485,1.3129837810993195,1.2841179,0.10072727
6,micA_0006.wav,0.03097989922389388,2.9046196937561035,1.339235782623291,1.5653838515281677,1.2340575,0.076850645
6,micA_0007.wav,0.03131852624937892,2.917760133743286,1.4662217199802399,1.4515383541584015,1.1916571,0.10592571
6,micA_0008.wav,0.028376562986522913,3.0307724475860596,1.5108937621116638,1.5198786556720734,1.2112805,0.110206574
6,micA_0009.wav,0.02727861562743783,3.1140443682670593,1.5283876657485962,1.5856567025184631,1.1204848,0.044210184
6,micA_0010.wav,0.02886230731382966,3.088478147983551,1.5565479099750519,1.531930297613144,1.103714,0.045740355
6,micA_0011.wav,0.026855885982513428,3.022672951221466,1.4934846460819244,1.5291883051395416,1.1341746,0.05925933
6,micA_0012.wav,0.02736162394285202,2.9492398500442505,1.4516223073005676,1.4976175725460052,1.194038,0.08961031
6,micA_0013.wav,0.026274642907083035,2.950249195098877,1.384627103805542,1.5656220316886902,1.1387153,0.07390956
6,micA_0014.wav,0.025253666564822197,2.9114948511123657,1.3550282418727875,1.556466668844223,1.1998148,0.08753315
6,micA_0015.wav,0.026364298537373543,2.873072326183319,1.449536383152008,1.423535943031311,1.2099688,0.064384304
6,micA_0016.wav,0.027248878963291645,2.85050630569458,1.4400126934051514,1.4104936122894287,1.1503195,0.076856345
6,micA_0017.wav,0.0313146747648716,2.5311473608016968,1.0380501300096512,1.4930972754955292,1.1553019,0.09872664
6,micA_0018.wav,0.034630635753273964,2.454220473766327,1.1812442541122437,1.2729762196540833,1.163657,0.063238226
6,micA_0019.wav,0.03211712557822466,2.839862108230591,1.6432586312294006,1.196603536605835,1.2278931,0.101942174
6,micA_0020.wav,0.026324463542550802,2.912898004055023,1.1328957974910736,1.780002236366272,1.2384603,0.07548012
6,micA_0021.wav,0.034578233025968075,3.060957133769989,1.8177832663059235,1.2431738376617432,1.3998625,0.11056181
6,micA_0022.wav,0.027587939519435167,3.3993870615959167,1.695134699344635,1.7042523622512817,1.5835471,0.06366319
6,micA_0023.wav,0.029354850761592388,3.8974618315696716,1.2313410937786102,2.6661208271980286,1.5829594,0.09902615
6,micA_0024.wav,0.04367627575993538,4.010060131549835,2.8818992972373962,1.1281608194112778,1.7069204,0.08499865
6,micA_0025.wav,0.04233262687921524,4.029679298400879,2.3643604815006256,1.6653187572956085,1.578214,0.11525298
6,micA_0026.wav,0.03844571765512228,3.8238075375556946,2.360432982444763,1.463374525308609,1.6184399,0.103594154
6,micA_0027.wav,0.025207919534295797,3.3698611855506897,1.67233407497406,1.6975271105766296,1.3684789,0.06632879
6,micA_0028.wav,0.030484264250844717,3.25416499376297,1.880568265914917,1.3735967576503754,1.3930321,0.037125323
6,micA_0029.wav,0.024418677669018507,3.01841801404953,1.437659353017807,1.5807586014270782,1.324287,0.06077846
6,micA_0030.wav,0.03079491714015603,2.9158328771591187,1.486477106809616,1.4293558299541473,1.321995,0.0420051
6,micA_0031.wav,0.02975354716181755,2.9417213201522827,1.4808877408504486,1.4608336091041565,1.4031326,0.057282895
6,micA_0032.wav,0.026561342645436525,3.044333040714264,1.489344835281372,1.5549882352352142,1.3189766,0.05203023
6,micA_0033.wav,0.028790875803679228,2.95346599817276,1.5024322271347046,1.4510338306427002,1.2961494,0.077182524
6,micA_0034.wav,0.02473960630595684,2.9944252371788025,1.4698819518089294,1.524543285369873,1.3166649,0.056041494
6,micA_0035.wav,0.026176095940172672,3.103429615497589,1.588106244802475,1.5153233110904694,1.1489006,0.04583347
6,micA_0036.wav,0.02677171491086483,3.1276445984840393,1.5733067095279694,1.55433788895607,1.1403811,0.046735346
6,micA_0037.wav,0.029488408006727695,3.04144549369812,1.468891441822052,1.5725539922714233,1.1288056,0.05042896
6,micA_0038.wav,0.026981732808053493,3.056400954723358,1.4888675212860107,1.567533403635025,1.1198349,0.050658863
6,micA_0039.wav,0.027014058083295822,3.032974660396576,1.5038702487945557,1.5291043519973755,1.152348,0.054183748
6,micA_0040.wav,0.026242027524858713,3.0341156721115112,1.4674444794654846,1.566671222448349,1.1611856,0.057398714
6,micA_0041.wav,0.025359767023473978,3.060875654220581,1.5071121156215668,1.553763508796692,1.1674296,0.055961605
6,micA_0042.wav,0.02484293282032013,3.148333728313446,1.591188669204712,1.5571450591087341,1.1502314,0.05553104
6,micA_0043.wav,0.02584151877090335,2.9539206624031067,1.3967351913452148,1.5571855008602142,1.1752346,0.06998119
6,micA_0044.wav,0.03101272787898779,2.85160094499588,1.5484828650951385,1.3031180799007416,1.1597381,0.048677046
6,micA_0045.wav,0.02796392608433962,2.931609272956848,1.3754448294639587,1.556164413690567,1.1545074,0.055818036
6,micA_0046.wav,0.026566574349999428,2.996065318584442,1.427363932132721,1.568701446056366,1.1420025,0.043454424
6,micA_0047.wav,0.02799932286143303,2.8760432600975037,1.3116845786571503,1.564358651638031,1.1510406,0.04648547
6,micA_0048.wav,0.026641692966222763,3.1120784282684326,1.74002143740654,1.3720569908618927,1.1578379,0.0637351
6,micA_0049.wav,0.02900138357654214,2.8788446187973022,1.2710437774658203,1.6078008711338043,1.1810951,0.05797821
6,micA_0050.wav,0.029626053292304277,2.9769543409347534,1.5808815956115723,1.3960728347301483,1.2515471,0.053335957
6,micA_0051.wav,0.03133654547855258,2.8711822032928467,1.5687837898731232,1.3023984134197235,1.408786,0.034426402
6,micA_0052.wav,0.02927178656682372,2.7165931463241577,1.0955500155687332,1.621043086051941,1.4942838,0.034794513
6,micA_0053.wav,0.03907436039298773,3.6898248195648193,2.1027557849884033,1.5870690047740936,1.6344514,0.06438937
6,micA_0054.wav,0.04314039181917906,3.539522111415863,2.541197657585144,0.9983244985342026,1.7043155,0.058755573
6,micA_0055.wav,0.03884218446910381,3.9068484902381897,2.2534451484680176,1.6534033715724945,1.5897508,0.0992155
6,micA_0056.wav,0.04372462537139654,3.547755241394043,2.401448279619217,1.1463069915771484,1.5197258,0.098651625
6,micA_0057.wav,0.025657224003225565,3.3797141313552856,1.8875718414783478,1.492142230272293,1.4330018,0.06299493
6,micA_0058.wav,0.026439659297466278,3.607093930244446,1.5669996738433838,2.040094256401062,1.4568709,0.08051224
6,micA_0059.wav,0.0402574623003602,3.161907434463501,2.0348055958747864,1.1271018087863922,1.2847451,0.046081018
6,micA_0060.wav,0.027502937242388725,3.3279715180397034,1.6161391735076904,1.7118323743343353,1.4002652,0.07585484
6,micA_0061.wav,0.034491402097046375,3.405346095561981,1.6644675135612488,1.7408785820007324,1.2421364,0.066911064
6,micA_0062.wav,0.030007741879671812,3.414783537387848,1.9010788202285767,1.5137046873569489,1.3159977,0.06760375
6,micA_0063.wav,0.03409204166382551,2.872921884059906,1.5140553414821625,1.3588665425777435,1.338229,0.091352634
6,micA_0064.wav,0.02786638680845499,2.9576857686042786,1.4021284580230713,1.5555572509765625,1.2253416,0.08714528
6,micA_0065.wav,0.023315718863159418,2.95380836725235,1.4257657527923584,1.528042584657669,1.213728,0.046698578
6,micA_0066.wav,0.026772798970341682,3.064142346382141,1.6482645571231842,1.415877789258957,1.1752658,0.056668762
6,micA_0067.wav,0.02403028169646859,3.060698688030243,1.410254806280136,1.6504437923431396,1.1368119,0.05774956
6,micA_0068.wav,0.025939183309674263,3.145152986049652,1.5931411385536194,1.552011877298355,1.132196,0.07593448
6,micA_0069.wav,0.025244993157684803,3.09755277633667,1.5771580040454865,1.5203947722911835,1.1385946,0.09706557
6,micA_0070.wav,0.027081557549536228,3.1033965349197388,1.500695675611496,1.6027008891105652,1.1310115,0.08064441
6,micA_0071.wav,0.024971548467874527,3.09857577085495,1.567803829908371,1.530771940946579,1.1899534,0.08921447
6,micA_0072.wav,0.026468242052942514,3.124520719051361,1.5399268567562103,1.5845938622951508,1.1260322,0.061088163
6,micA_0073.wav,0.027721676509827375,3.058907926082611,1.5084792375564575,1.5504286587238312,1.1173927,0.025153937
6,micA_0074.wav,0.029011742677539587,2.9982638359069824,1.4540759325027466,1.5441879034042358,1.1174139,0.060357075
6,micA_0075.wav,0.03045809594914317,2.9261785745620728,1.4227247834205627,1.50345379114151,1.1712779,0.07822302
6,micA_0076.wav,0.025114734657108784,3.085925817489624,1.485604614019394,1.6003211736679077,1.1138625,0.0411339
6,micA_0077.wav,0.023540757596492767,3.126730263233185,1.5786116421222687,1.548118680715561,1.1613145,0.06779908
6,micA_0078.wav,0.025999012868851423,3.1595321893692017,1.6127610206604004,1.546771228313446,1.1160111,0.05022452
6,micA_0079.wav,0.027400857768952847,2.8886764645576477,1.3669535517692566,1.5217228829860687,1.1585411,0.045207348
6,micA_0080.wav,0.023990982677787542,3.110425114631653,1.5460266470909119,1.5643984377384186,1.2141807,0.029209835
6,micA_0081.wav,0.028379559982568026,2.853557527065277,1.4142270982265472,1.4393304586410522,1.1755958,0.0391068
6,micA_0082.wav,0.028291627299040556,2.863681197166443,1.336613804101944,1.5270674526691437,1.1396711,0.021318773
6,micA_0083.wav,0.0238719223998487,3.047506034374237,1.4684817790985107,1.5790242552757263,1.1705292,0.053377684
6,micA_0084.wav,0.030653243884444237,2.8263680934906006,1.499849945306778,1.3265181183815002,1.1844064,0.065078944
6,micA_0085.wav,0.030727571807801723,2.6354164481163025,1.1957456469535828,1.4396708607673645,1.1489605,0.0741495
6,micA_0086.wav,0.025752775836735964,2.8276482820510864,1.286207675933838,1.5414406061172485,1.217919,0.06087265
6,micA_0087.wav,0.036781555972993374,2.6071563959121704,1.4232698678970337,1.1838865280151367,1.1749815,0.06518849
6,micA_0088.wav,0.030018536373972893,2.628326892852783,1.187000647187233,1.4413262605667114,1.3268405,0.0727812
6,micA_0089.wav,0.027720399666577578,2.942323923110962,1.3386334329843521,1.6036905348300934,1.378578,0.0823304
6,micA_0090.wav,0.03220666944980621,3.3358400464057922,1.978754848241806,1.3570851981639862,1.3282294,0.040764377
6,micA_0091.wav,0.02959498018026352,3.7926682829856873,1.5070660710334778,2.2856023013591766,1.6136842,0.07118817
6,micA_0092.wav,0.033716661389917135,3.8698081374168396,1.9660751521587372,1.9037329852581024,1.251297,0.070491
6,micA_0093.wav,0.04785521700978279,4.774363279342651,2.959182858467102,1.8151804208755493,1.244091,0.08656776
6,micA_0094.wav,0.0437073465436697,4.072926819324493,3.268054246902466,0.8048725128173828,1.4873829,0.04703689
6,micA_0095.wav,0.032955629751086235,4.350756645202637,2.15715828537941,2.193598300218582,1.4386969,0.061156318
6,micA_0096.wav,0.04317417833954096,3.928844153881073,2.3463112115859985,1.5825329720973969,1.4328872,0.076974496
6,micA_0097.wav,0.0357145806774497,3.8258538246154785,2.137571483850479,1.688282310962677,1.5780671,0.08761215
6,micA_0098.wav,0.03125941753387451,3.6483577489852905,2.156200408935547,1.4921573400497437,1.5076201,0.08303962
6,micA_0099.wav,0.03386271558701992,3.3823766708374023,1.8240105211734772,1.5583661198616028,1.4390076,0.06748179
6,micA_0100.wav,0.034884152468293905,3.1109238266944885,1.7808763682842255,1.3300474286079407,1.599361,0.13318202
7,micA_0001.wav,0.03319750353693962,2.883633017539978,1.4926230907440186,1.391009896993637,1.3769642,0.104276694
7,micA_0002.wav,0.03357492387294769,2.869390845298767,1.3945128917694092,1.474877953529358,1.235744,0.039580695
7,micA_0003.wav,0.03082792740315199,2.994671940803528,1.4249143600463867,1.5697575509548187,1.1457709,0.03166154
7,micA_0004.wav,0.03045082977041602,3.005810558795929,1.4910862445831299,1.514724314212799,1.236872,0.076397926
7,micA_0005.wav,0.03411351051181555,3.012382984161377,1.508980244398117,1.5034027099609375,1.2045596,0.094001375
7,micA_0006.wav,0.031197282020002604,3.013468861579895,1.4714895486831665,1.541979342699051,1.2218688,0.07735483
7,micA_0007.wav,0.03425431624054909,2.948500156402588,1.4622784852981567,1.4862216711044312,1.2035642,0.095545165
7,micA_0008.wav,0.031800470780581236,2.918861508369446,1.4158334732055664,1.5030280649662018,1.2672513,0.1006384
7,micA_0009.wav,0.03144641546532512,2.9407713413238525,1.3887798488140106,1.551991492509842,1.1847562,0.04235401
7,micA_0010.wav,0.03278547711670399,2.815808057785034,1.393982544541359,1.4218255281448364,1.1695671,0.038144667
7,micA_0011.wav,0.032564239110797644,2.8664063215255737,1.3667585253715515,1.4996477961540222,1.2227317,0.058030784
7,micA_0012.wav,0.031126196030527353,2.781144917011261,1.3492355346679688,1.4319094121456146,1.278528,0.088347234
7,micA_0013.wav,0.03160656522959471,2.7455667853355408,1.321819692850113,1.4237470924854279,1.2218169,0.06961863
7,micA_0014.wav,0.0317796696908772,2.8517688512802124,1.3608200550079346,1.4909487664699554,1.26698,0.08595989
7,micA_0015.wav,0.027895587030798197,2.894703507423401,1.3795182704925537,1.5151852071285248,1.2922642,0.07288263
7,micA_0016.wav,0.03175760479643941,3.6218682527542114,1.6830148100852966,1.9388534426689148,1.2888969,0.0966033
7,micA_0017.wav,0.049109358340501785,4.063069939613342,2.3649018704891205,1.6981680989265442,1.1268909,0.13269408
7,micA_0018.wav,0.06381873041391373,5.316510081291199,3.199313998222351,2.1171962320804596,1.0870807,0.07682705
7,micA_0019.wav,0.056856236420571804,4.336881875991821,3.4914392232894897,0.8454425632953644,1.2824432,0.12217173
7,micA_0020.wav,0.02824634499847889,3.4568150639533997,1.532945156097412,1.9238699227571487,1.2491009,0.09414843
7,micA_0021.wav,0.03869309742003679,3.3636617064476013,1.5756066143512726,1.7880550622940063,1.3703794,0.13658603
7,micA_0022.wav,0.04310982674360275,3.4373998045921326,2.35252583026886,1.0848739594221115,1.347724,0.08499004
7,micA_0023.wav,0.03793749585747719,3.5917168855667114,1.392748475074768,2.198968470096588,1.3112652,0.12318607
7,micA_0024.wav,0.038888134993612766,3.0905275344848633,1.9923171699047089,1.0982103645801544,1.3060343,0.090580545
7,micA_0025.wav,0.03568015620112419,2.837295651435852,1.2640994191169739,1.5731961727142334,1.2066739,0.11408396
7,micA_0026.wav,0.03219013474881649,3.0141729712486267,1.522811621427536,1.491361379623413,1.2332528,0.107256494
7,micA_0027.wav,0.030209067277610302,3.0664674639701843,1.537924587726593,1.528542935848236,1.1888088,0.07769979
7,micA_0028.wav,0.029374266508966684,3.0352057814598083,1.5016812980175018,1.5335244834423065,1.1821291,0.04217944
7,micA_0029.wav,0.03008439391851425,3.088043749332428,1.5143106281757355,1.5737330913543701,1.1590968,0.065415084
7,micA_0030.wav,0.030604488216340542,3.054242253303528,1.5315922796726227,1.5226500034332275,1.1600451,0.042259756
7,micA_0031.wav,0.03294361010193825,3.0292065143585205,1.4994252622127533,1.5297812223434448,1.1878506,0.05445806
7,micA_0032.wav,0.029642323963344097,3.125639855861664,1.5437927842140198,1.581847071647644,1.2233263,0.054021183
7,micA_0033.wav,0.0321095110848546,2.9682119488716125,1.4405792951583862,1.5276326835155487,1.1827968,0.07599
7,micA_0034.wav,0.028542752377688885,3.053798019886017,1.5426596701145172,1.5111383199691772,1.2122084,0.05025416
7,micA_0035.wav,0.03000686876475811,3.1126078963279724,1.5445463061332703,1.5680615603923798,1.1219795,0.04297682
7,micA_0036.wav,0.03139454545453191,3.0183924436569214,1.5103034675121307,1.508089005947113,1.1384693,0.04252432
7,micA_0037.wav,0.03593489248305559,2.802639961242676,1.3515176177024841,1.4511223137378693,1.1312033,0.04085104
7,micA_0038.wav,0.03174240933731198,2.803962528705597,1.2689768373966217,1.5349856317043304,1.1119306,0.048917316
7,micA_0039.wav,0.03243163041770458,2.8223942518234253,1.4337382912635803,1.3886559307575226,1.1629652,0.049213603
7,micA_0040.wav,0.0361762042157352,2.9076262712478638,1.4707399904727936,1.4368862211704254,1.2067559,0.054738153
7,micA_0041.wav,0.028147784061729908,3.00778067111969,1.5819852948188782,1.4257954061031342,1.2353873,0.058686826
7,micA_0042.wav,0.026930837891995907,3.8131662607192993,1.5645822882652283,2.2485839426517487,1.3611156,0.052182492
7,micA_0043.wav,0.040040189400315285,3.6351083517074585,2.3218771517276764,1.3132312595844269,1.6122669,0.069546625
7,micA_0044.wav,0.042377568781375885,3.7801141142845154,2.006269872188568,1.7738442122936249,1.4503205,0.060901795
7,micA_0045.wav,0.04426964558660984,3.44330632686615,2.0739630460739136,1.369343250989914,1.456834,0.06426662
7,micA_0046.wav,0.04565476719290018,3.319591760635376,1.9344845712184906,1.3851072788238525,1.3803779,0.06332403
7,micA_0047.wav,0.034256030805408955,2.9871849417686462,1.7682414799928665,1.2189434468746185,1.2056229,0.052671548
7,micA_0048.wav,0.034476762637495995,3.0697017908096313,1.786146342754364,1.2835554480552673,1.2666897,0.062825315
7,micA_0049.wav,0.03072548843920231,3.139863073825836,1.177307978272438,1.962555080652237,1.2581074,0.058561713
7,micA_0050.wav,0.026185992639511824,3.112636089324951,1.452990934252739,1.6596451699733734,1.3040977,0.054825757
7,micA_0051.wav,0.03520073276013136,3.021431624889374,1.7639530897140503,1.257478505373001,1.3457925,0.041235995
7,micA_0052.wav,0.034552068915218115,2.925598978996277,1.233674630522728,1.69192436337471,1.2680976,0.03654166
7,micA_0053.wav,0.027120303362607956,3.0770638585090637,1.4616828262805939,1.6153810024261475,1.2563741,0.06965049
7,micA_0054.wav,0.03391171246767044,2.959906220436096,1.5335504412651062,1.4263557195663452,1.3072412,0.057873648
7,micA_0055.wav,0.03008658392354846,2.9889296889305115,1.2572726905345917,1.7316570580005646,1.2841982,0.092290565
7,micA_0056.wav,0.029737178701907396,2.8588088750839233,1.3615040481090546,1.4973048865795135,1.2401186,0.09778502
7,micA_0057.wav,0.0321780894882977,3.0025099515914917,1.688010334968567,1.314499706029892,1.2506922,0.05168785
7,micA_0058.wav,0.028364034369587898,3.0815003514289856,1.3929467797279358,1.6885535717010498,1.2741609,0.07190941
7,micA_0059.wav,0.030473283026367426,2.8451069593429565,1.2637725323438644,1.5813344419002533,1.1897396,0.03722361
7,micA_0060.wav,0.03342984849587083,2.9106439352035522,1.5752994120121002,1.3353444635868073,1.2604247,0.07588021
7,micA_0061.wav,0.031747497618198395,2.9357393383979797,1.2041419446468353,1.7315973043441772,1.1853389,0.06344794
7,micA_0062.wav,0.026098183821886778,3.1069027185440063,1.5144043862819672,1.5924983322620392,1.1857531,0.03885168
7,micA_0063.wav,0.036647860426455736,2.662435472011566,1.3098938465118408,1.3525416254997253,1.199056,0.06795197
7,micA_0064.wav,0.03097521048039198,2.947899281978607,1.3125184774398804,1.6353807747364044,1.2328957,0.07566191
7,micA_0065.wav,0.026132128667086363,3.0918697118759155,1.5917735993862152,1.5000961422920227,1.1628884,0.04162441
7,micA_0066.wav,0.031923169270157814,2.9483326077461243,1.589706301689148,1.358626276254654,1.1855444,0.050422784
7,micA_0067.wav,0.02662200527265668,3.0203182697296143,1.3969230949878693,1.6233952343463898,1.1929908,0.056298245
7,micA_0068.wav,0.032126672100275755,2.8858166337013245,1.4175257682800293,1.4682908952236176,1.1620111,0.07147603
7,micA_0069.wav,0.027437868993729353,3.11250501871109,1.4863121509552002,1.6261928975582123,1.1890225,0.090684645
7,micA_0070.wav,0.03300870209932327,2.772551655769348,1.3451945781707764,1.4273571074008942,1.1964558,0.070582464
7,micA_0071.wav,0.026793236378580332,2.8508718609809875,1.3327121138572693,1.5181596875190735,1.2960136,0.08340321
7,micA_0072.wav,0.033061047084629536,2.851614236831665,1.478227585554123,1.3733866512775421,1.2412237,0.05852766
7,micA_0073.wav,0.03323447844013572,2.781101107597351,1.11019629240036,1.670904815196991,1.2317529,0.015309649
7,micA_0074.wav,0.03903819853439927,2.723649322986603,1.611364722251892,1.1122846007347107,1.217659,0.05331679
7,micA_0075.wav,0.030934388749301434,2.707084894180298,0.9083217978477478,1.7987630665302277,1.3267533,0.077554315
7,micA_0076.wav,0.0359249422326684,3.186036229133606,1.9325253367424011,1.2535108923912048,1.2455729,0.043487202
7,micA_0077.wav,0.02614618232473731,3.2743817567825317,1.6180453598499298,1.656336396932602,1.3580606,0.07216032
7,micA_0078.wav,0.033826619386672974,3.496915578842163,2.0333200991153717,1.4635955095291138,1.2798417,0.044092715
7,micA_0079.wav,0.034582065884023905,3.0092861652374268,1.5888289511203766,1.4204571843147278,1.3503903,0.046011966
7,micA_0080.wav,0.030829597264528275,3.6383426189422607,1.6897807121276855,1.9485619068145752,1.4546568,0.04439036
7,micA_0081.wav,0.04002351779490709,3.2925453782081604,2.0726522505283356,1.2198930978775024,1.310298,0.04811943
7,micA_0082.wav,0.033754006028175354,3.3381154537200928,1.4647859036922455,1.8733295500278473,1.2175925,0.03163831
7,micA_0083.wav,0.042055005207657814,4.011875331401825,2.385931432247162,1.6259438693523407,1.2256987,0.066047326
7,micA_0084.wav,0.046813598833978176,3.818434953689575,2.3720710277557373,1.446363940834999,1.44353,0.07889458
7,micA_0085.wav,0.037869581021368504,3.2467910647392273,1.667605608701706,1.5791853964328766,1.3314087,0.079370596
7,micA_0086.wav,0.036663156002759933,3.018416702747345,1.6984866261482239,1.3199300467967987,1.3647277,0.06425665
7,micA_0087.wav,0.03833783231675625,2.9744531512260437,1.3994085788726807,1.5750445127487183,1.2413617,0.061864413
7,micA_0088.wav,0.03913565166294575,2.9786580204963684,1.8003431558609009,1.1783148348331451,1.3691555,0.06765432
7,micA_0089.wav,0.029658775310963392,3.0939282178878784,1.1649566143751144,1.9289716184139252,1.2788371,0.08417823
7,micA_0090.wav,0.03359317872673273,3.1750181317329407,1.7299693524837494,1.4450487792491913,1.1602305,0.031423368
7,micA_0091.wav,0.034266699105501175,3.1945018768310547,1.644050419330597,1.5504514276981354,1.1810974,0.06275952
7,micA_0092.wav,0.03154121385887265,3.2226863503456116,1.6902432143688202,1.5324431359767914,1.1007973,0.06636951
7,micA_0093.wav,0.031386992894113064,3.1606853008270264,1.4866203963756561,1.6740648746490479,1.1220427,0.07712771
7,micA_0094.wav,0.029535810463130474,3.1512787342071533,1.5311936736106873,1.6200851202011108,1.1327364,0.02835105
7,micA_0095.wav,0.032078285701572895,3.080979287624359,1.5704891681671143,1.5104901194572449,1.120951,0.05074065
7,micA_0096.wav,0.034194884821772575,2.885866343975067,1.3542436063289642,1.5316227674484253,1.1496239,0.060524244
7,micA_0097.wav,0.03241886664181948,2.8918386697769165,1.3575786650180817,1.53425994515419,1.1573207,0.06682125
7,micA_0098.wav,0.028950581792742014,3.1313844323158264,1.56167072057724,1.5697137415409088,1.1392401,0.07055479
7,micA_0099.wav,0.03358482848852873,2.838022828102112,1.3734822273254395,1.4645405411720276,1.1274344,0.04512856
7,micA_0100.wav,0.033423779997974634,2.789765954017639,1.3976101279258728,1.3921558558940887,1.2276887,0.10413813
8,micA_0001.wav,0.0339931626804173,2.847588002681732,1.3603911101818085,1.4871968924999237,1.1910964,0.10346819
8,micA_0002.wav,0.04431413486599922,2.550929307937622,1.1836921274662018,1.3672372102737427,1.191769,0.024687963
8,micA_0003.wav,0.032516340259462595,2.8913321495056152,1.4128267914056778,1.4785053133964539,1.1759752,0.023595732
8,micA_0004.wav,0.04686234891414642,3.2022458910942078,1.677847906947136,1.5243979841470718,1.330895,0.074571155
