index,clean_path,noisy_path,sr_clean,sr_noisy,dur_clean_s,dur_noisy_s,rms_clean_db,rms_noisy_db,peak_clean,peak_noisy,clipped_pct_clean,clipped_pct_noisy,zero_pct_clean,zero_pct_noisy,dc_clean,dc_noisy,basename_match,delay_samples,delay_ms,gcc_max,snr_db_raw,snr_db_aligned
0,/workspace/diagnostics_train/aligned/clean/0001.wav,/workspace/diagnostics_train/aligned/noisy/0001.wav,16000,16000,15.0,15.0,-18.78993637795954,-18.362010164583648,1.0,0.525665283203125,4.1666666666666665e-05,0.0,0.0011666666666666668,0.0003541666666666667,-0.0010760424192994833,-2.5203577024512924e-05,True,0,0.0,0.23931385576725006,-0.8788205900161904,-0.8788205900161904
1,/workspace/diagnostics_train/aligned/clean/0002.wav,/workspace/diagnostics_train/aligned/noisy/0002.wav,16000,16000,15.0,15.0,-24.102187787842084,-24.875180356446606,0.58111572265625,0.62066650390625,0.0,0.0,0.0007625,0.0006208333333333334,-0.0014050803147256374,3.678003849927336e-06,True,0,0.0,0.25044506788253784,-1.2824599481289478,-1.2824599481289478
2,/workspace/diagnostics_train/aligned/clean/0003.wav,/workspace/diagnostics_train/aligned/noisy/0003.wav,16000,16000,15.0,15.0,-25.70846145151727,-23.573589940226533,0.94573974609375,0.57672119140625,0.0,0.0,0.00085,0.0004875,-0.0012552826665341854,-3.6572773751686327e-06,True,0,0.0,0.16763240098953247,-2.3097454357763074,-2.3097454357763074
3,/workspace/diagnostics_train/aligned/clean/0006.wav,/workspace/diagnostics_train/aligned/noisy/0006.wav,16000,16000,15.0,15.0,-20.133401660306596,-20.975307270153905,1.0,0.513702392578125,0.0001125,0.0,0.0010708333333333334,0.0005083333333333333,-0.0013922613579779863,-1.1252085641899612e-05,True,0,0.0,0.27010929584503174,-1.510136620462055,-1.510136620462055
4,/workspace/diagnostics_train/aligned/clean/0009.wav,/workspace/diagnostics_train/aligned/noisy/0009.wav,16000,16000,15.0,15.0,-21.90846272776337,-21.059304756616424,0.7197265625,0.506866455078125,0.0,0.0,0.0007416666666666666,0.00042916666666666667,-0.0013506149407476187,-6.732050678692758e-06,True,0,0.0,0.3196678161621094,-1.1623564387509187,-1.1623564387509187
5,/workspace/diagnostics_train/aligned/clean/0010.wav,/workspace/diagnostics_train/aligned/noisy/0010.wav,16000,16000,15.0,15.0,-22.3620693160392,-22.28635824766599,0.81024169921875,0.508026123046875,0.0,0.0,0.0006833333333333333,0.000425,-0.0015675002941861749,4.7967273530957755e-06,True,0,0.0,0.33629193902015686,-0.5088852148344507,-0.5088852148344507
6,/workspace/diagnostics_train/aligned/clean/0011.wav,/workspace/diagnostics_train/aligned/noisy/0011.wav,16000,16000,15.0,15.0,-21.782840545409606,-23.08715456725686,0.999969482421875,0.502960205078125,3.3333333333333335e-05,0.0,0.0009791666666666666,0.0006,-0.0013995077461004257,-5.430094461189583e-06,True,0,0.0,0.2729349732398987,-0.9451763341574144,-0.9451763341574144
7,/workspace/diagnostics_train/aligned/clean/0013.wav,/workspace/diagnostics_train/aligned/noisy/0013.wav,16000,16000,15.0,15.0,-20.632844773298725,-21.33633665733575,1.0,0.51458740234375,0.0003541666666666667,0.0,0.0008541666666666667,0.0004625,-0.001393960788846016,1.2427521141944453e-05,True,0,0.0,0.28700578212738037,-1.1520722298498791,-1.1520722298498791
8,/workspace/diagnostics_train/aligned/clean/0016.wav,/workspace/diagnostics_train/aligned/noisy/0016.wav,16000,16000,15.0,15.0,-21.833829025612598,-21.744798433156916,0.999969482421875,0.5076904296875,4.1666666666666665e-05,0.0,0.0011458333333333333,0.0005875,-0.0012919737491756678,1.51631675180397e-05,True,0,0.0,0.29521486163139343,-1.0631758508384557,-1.0631758508384557
9,/workspace/diagnostics_train/aligned/clean/0017.wav,/workspace/diagnostics_train/aligned/noisy/0017.wav,16000,16000,15.0,15.0,-21.885423885327807,-22.934916219663826,0.999969482421875,0.50933837890625,4.1666666666666665e-05,0.0,0.0012,0.0007,-0.0013831376563757658,-5.046819205745123e-05,True,0,0.0,0.2795882523059845,-1.210411783739374,-1.210411783739374
10,/workspace/diagnostics_train/aligned/clean/0019.wav,/workspace/diagnostics_train/aligned/noisy/0019.wav,16000,16000,15.0,15.0,-22.877043227876534,-21.539209331701166,0.999969482421875,0.51318359375,5e-05,0.0,0.0013333333333333333,0.0005583333333333333,-0.001233454211615026,-1.5071360394358635e-05,True,0,0.0,0.21978174149990082,-2.331650332628277,-2.331650332628277
11,/workspace/diagnostics_train/aligned/clean/0020.wav,/workspace/diagnostics_train/aligned/noisy/0020.wav,16000,16000,15.0,15.0,-26.235440041943356,-25.747431985494003,0.999969482421875,0.505767822265625,2.5e-05,0.0,0.000875,0.0005708333333333333,-0.0015738310758024454,4.421234223173087e-07,True,0,0.0,0.22580641508102417,0.005619345962877251,0.005619345962877251
12,/workspace/diagnostics_train/aligned/clean/0021.wav,/workspace/diagnostics_train/aligned/noisy/0021.wav,16000,16000,15.0,15.0,-22.054491082187127,-22.13831653298527,0.999969482421875,0.506072998046875,2.5e-05,0.0,0.0011708333333333334,0.0006875,-0.0013387061189860106,2.8088886665500468e-06,True,0,0.0,0.3265659809112549,-0.9361646684607869,-0.9361646684607869
13,/workspace/diagnostics_train/aligned/clean/0022.wav,/workspace/diagnostics_train/aligned/noisy/0022.wav,16000,16000,15.0,15.0,-17.023378288400522,-17.171460815672553,1.0,0.51104736328125,0.000525,0.0,0.0008208333333333334,0.0005125,-0.001430886797606945,-2.2443135094363242e-05,True,0,0.0,0.2298479974269867,-0.7431677161606987,-0.7431677161606987
14,/workspace/diagnostics_train/aligned/clean/0023.wav,/workspace/diagnostics_train/aligned/noisy/0023.wav,16000,16000,15.0,15.0,-23.199116980128807,-24.254405969600626,1.0,0.50958251953125,4.166666666666667e-06,0.0,0.0011708333333333334,0.0006208333333333334,-0.0012303718831390142,4.392382470541634e-05,True,0,0.0,0.3449738621711731,-0.756393852659256,-0.756393852659256
15,/workspace/diagnostics_train/aligned/clean/0024.wav,/workspace/diagnostics_train/aligned/noisy/0024.wav,16000,16000,15.0,15.0,-19.032361394812146,-18.803012201477863,1.0,0.510406494140625,0.0005791666666666666,0.0,0.0006541666666666667,0.00038333333333333334,-0.0014259631279855967,-5.762519867857918e-05,True,0,0.0,0.3118085563182831,-0.7406116451388732,-0.7406116451388732
16,/workspace/diagnostics_train/aligned/clean/0025.wav,/workspace/diagnostics_train/aligned/noisy/0025.wav,16000,16000,15.0,15.0,-19.235251767250997,-19.613170433734126,1.0,0.518585205078125,0.0001,0.0,0.0007958333333333333,0.0004,-0.001312355394475162,1.0233688044536393e-05,True,0,0.0,0.2903066873550415,-0.650965536047428,-0.650965536047428
17,/workspace/diagnostics_train/aligned/clean/0026.wav,/workspace/diagnostics_train/aligned/noisy/0026.wav,16000,16000,15.0,15.0,-19.26147311980437,-19.165191871215605,1.0,0.545196533203125,0.00028333333333333335,0.0,0.0009625,0.0005,-0.001150634721852839,5.329640771378763e-05,True,0,0.0,0.13315337896347046,-1.0891128282215783,-1.0891128282215783
18,/workspace/diagnostics_train/aligned/clean/0027.wav,/workspace/diagnostics_train/aligned/noisy/0027.wav,16000,16000,15.0,15.0,-24.031107115530972,-22.477918455441966,0.999969482421875,0.54656982421875,8.333333333333334e-06,0.0,0.0013791666666666666,0.00065,-0.0010132689494639635,-2.4039458367042243e-05,True,0,0.0,0.21822452545166016,-2.3284253214371904,-2.3284253214371904
19,/workspace/diagnostics_train/aligned/clean/0031.wav,/workspace/diagnostics_train/aligned/noisy/0031.wav,16000,16000,15.0,15.0,-23.326281568541344,-22.557867135720826,0.750457763671875,0.53546142578125,0.0,0.0,0.0007375,0.00042916666666666667,-0.0014990067575126886,6.998697699600598e-06,True,0,0.0,0.2772388756275177,-1.4360222294556744,-1.4360222294556744
20,/workspace/diagnostics_train/aligned/clean/0033.wav,/workspace/diagnostics_train/aligned/noisy/0033.wav,16000,16000,15.0,15.0,-26.386742760712984,-24.415308442714,0.6424560546875,0.503570556640625,0.0,0.0,0.0012041666666666668,0.00048333333333333334,-0.0012218835763633251,-1.191647879750235e-05,True,0,0.0,0.23843517899513245,-2.357905551925722,-2.357905551925722
21,/workspace/diagnostics_train/aligned/clean/0034.wav,/workspace/diagnostics_train/aligned/noisy/0034.wav,16000,16000,15.0,15.0,-22.812410902752816,-23.36021860385694,0.9515380859375,0.585418701171875,0.0,0.0,0.0011416666666666667,0.0006375,-0.0013358882861211896,-4.542541319096927e-06,True,0,0.0,0.29532185196876526,-0.8701187884282344,-0.8701187884282344
22,/workspace/diagnostics_train/aligned/clean/0035.wav,/workspace/diagnostics_train/aligned/noisy/0035.wav,16000,16000,15.0,15.0,-24.017581152477998,-24.189502216902433,1.0,0.57904052734375,4.1666666666666665e-05,0.0,0.000825,0.0005291666666666667,-0.0012168765533715487,-1.0701497785703395e-06,True,0,0.0,0.1486612856388092,-1.7847708090132754,-1.7847708090132754
23,/workspace/diagnostics_train/aligned/clean/0037.wav,/workspace/diagnostics_train/aligned/noisy/0037.wav,16000,16000,15.0,15.0,-21.82327099603701,-20.60361708686758,0.914642333984375,0.575042724609375,0.0,0.0,0.0005958333333333333,0.00030416666666666667,-0.001101733767427504,1.411438006471144e-06,True,0,0.0,0.165644109249115,-1.794805227782236,-1.794805227782236
24,/workspace/diagnostics_train/aligned/clean/0038.wav,/workspace/diagnostics_train/aligned/noisy/0038.wav,16000,16000,15.0,15.0,-25.038030429145977,-23.786104262264416,0.67681884765625,0.60296630859375,0.0,0.0,0.000825,0.0005333333333333334,-0.001211499678902328,4.220581104164012e-06,True,0,0.0,0.18640375137329102,-2.430157353138031,-2.430157353138031
25,/workspace/diagnostics_train/aligned/clean/0039.wav,/workspace/diagnostics_train/aligned/noisy/0039.wav,16000,16000,15.0,15.0,-21.04237045913362,-20.33724886754108,0.999969482421875,0.639251708984375,0.0001125,0.0,0.0007666666666666667,0.0004125,-0.0014030225574970245,2.8544616725412197e-05,True,0,0.0,0.14067906141281128,-0.920521380317689,-0.920521380317689
26,/workspace/diagnostics_train/aligned/clean/0040.wav,/workspace/diagnostics_train/aligned/noisy/0040.wav,16000,16000,15.0,15.0,-24.239481376612183,-22.167706049945256,0.8291015625,0.506317138671875,0.0,0.0,0.0008625,0.00040416666666666666,-0.0013719050912186503,-1.557922360007069e-06,True,0,0.0,0.282262921333313,-0.8162908893236196,-0.8162908893236196
27,/workspace/diagnostics_train/aligned/clean/0042.wav,/workspace/diagnostics_train/aligned/noisy/0042.wav,16000,16000,15.0,15.0,-27.498695963869558,-24.59456804494493,0.51422119140625,0.507080078125,0.0,0.0,0.0012875,0.0004166666666666667,-0.0008407550631090999,1.5115101632545702e-06,True,0,0.0,0.27284884452819824,-3.5027950713361102,-3.5027950713361102
28,/workspace/diagnostics_train/aligned/clean/0044.wav,/workspace/diagnostics_train/aligned/noisy/0044.wav,16000,16000,15.0,15.0,-18.990818755077264,-19.11740103307484,0.999969482421875,0.518157958984375,7.083333333333334e-05,0.0,0.0008458333333333333,0.00042916666666666667,-0.0012250639265403152,5.0558854127302766e-05,True,0,0.0,0.2270338535308838,-0.9921463689157883,-0.9921463689157883
29,/workspace/diagnostics_train/aligned/clean/0045.wav,/workspace/diagnostics_train/aligned/noisy/0045.wav,16000,16000,15.0,15.0,-20.865427859764818,-20.862536045360155,1.0,0.5101318359375,0.0001125,0.0,0.0014583333333333334,0.0005166666666666667,-0.0011854037875309587,3.7715910821134457e-06,True,0,0.0,0.26209312677383423,-0.9394524372393664,-0.9394524372393664
30,/workspace/diagnostics_train/aligned/clean/0046.wav,/workspace/diagnostics_train/aligned/noisy/0046.wav,16000,16000,15.0,15.0,-20.528839078568044,-21.91637281066196,1.0,0.551971435546875,0.00044166666666666665,0.0,0.0009,0.0005166666666666667,-0.0013155468041077256,1.4916483451088425e-05,True,0,0.0,0.14514847099781036,-1.2264532619490152,-1.2264532619490152
31,/workspace/diagnostics_train/aligned/clean/0047.wav,/workspace/diagnostics_train/aligned/noisy/0047.wav,16000,16000,15.0,15.0,-24.484087758290404,-25.521488758048342,0.781646728515625,0.53399658203125,0.0,0.0,0.0007416666666666666,0.0006791666666666667,-0.001149444025941193,8.634949153929483e-06,True,0,0.0,0.15831643342971802,-1.9468378478771562,-1.9468378478771562
32,/workspace/diagnostics_train/aligned/clean/0048.wav,/workspace/diagnostics_train/aligned/noisy/0048.wav,16000,16000,15.0,15.0,-19.01706489277395,-18.45336464004868,0.999969482421875,0.6361083984375,0.00011666666666666667,0.0,0.0004958333333333334,0.00036666666666666667,-0.0012136035365983844,1.3476435015036259e-05,True,0,0.0,0.17761629819869995,-1.5708129552595198,-1.5708129552595198
33,/workspace/diagnostics_train/aligned/clean/0050.wav,/workspace/diagnostics_train/aligned/noisy/0050.wav,16000,16000,15.0,15.0,-17.978312202906505,-18.87399291768008,1.0,0.617828369140625,0.0005458333333333333,0.0,0.0005416666666666666,0.00042916666666666667,-0.0015058036660775542,9.579773177392781e-05,True,0,0.0,0.23105645179748535,-0.3200452538669774,-0.3200452538669774
34,/workspace/diagnostics_train/aligned/clean/0051.wav,/workspace/diagnostics_train/aligned/noisy/0051.wav,16000,16000,15.0,15.0,-20.304954926701136,-21.230437861976966,0.999969482421875,0.509124755859375,3.3333333333333335e-05,0.0,0.0007291666666666667,0.00044583333333333335,-0.0015462352894246578,8.674112905282527e-06,True,0,0.0,0.3042853772640228,-0.6572789384464928,-0.6572789384464928
35,/workspace/diagnostics_train/aligned/clean/0052.wav,/workspace/diagnostics_train/aligned/noisy/0052.wav,16000,16000,15.0,15.0,-25.260419734173812,-23.312361837495654,0.83648681640625,0.512786865234375,0.0,0.0,0.0009625,0.00046666666666666666,-0.0013390850508585572,-7.530466518801404e-06,True,0,0.0,0.3308532238006592,-1.6552883604630078,-1.6552883604630078
36,/workspace/diagnostics_train/aligned/clean/0053.wav,/workspace/diagnostics_train/aligned/noisy/0053.wav,16000,16000,15.0,15.0,-22.497589690901908,-20.7965649075378,1.0,0.510711669921875,0.00010416666666666667,0.0,0.0009958333333333334,0.0004125,-0.0012077945284545422,-6.97453799602954e-07,True,0,0.0,0.24417638778686523,-2.0847248709323853,-2.0847248709323853
37,/workspace/diagnostics_train/aligned/clean/0054.wav,/workspace/diagnostics_train/aligned/noisy/0054.wav,16000,16000,15.0,15.0,-21.371110782555277,-22.273131587278705,0.999969482421875,0.50921630859375,8.333333333333334e-06,0.0,0.0010333333333333334,0.0004625,-0.0013221463887020946,-1.4095433471084107e-05,True,0,0.0,0.3245854675769806,-0.8838106748814506,-0.8838106748814506
38,/workspace/diagnostics_train/aligned/clean/0057.wav,/workspace/diagnostics_train/aligned/noisy/0057.wav,16000,16000,15.0,15.0,-21.141689831789417,-23.261673962881005,1.0,0.513336181640625,0.0014,0.0,0.0010625,0.0005875,-0.0013147091958671808,2.3034286641632207e-05,True,0,0.0,0.24626386165618896,-1.5548728268918786,-1.5548728268918786
39,/workspace/diagnostics_train/aligned/clean/0060.wav,/workspace/diagnostics_train/aligned/noisy/0060.wav,16000,16000,15.0,15.0,-20.687011619041357,-21.316469355582363,1.0,0.55877685546875,0.00037916666666666665,0.0,0.0005125,0.0004166666666666667,-0.0012361992849037051,-2.431996563245775e-06,True,0,0.0,0.12849050760269165,-0.9691222146825363,-0.9691222146825363
40,/workspace/diagnostics_train/aligned/clean/0061.wav,/workspace/diagnostics_train/aligned/noisy/0061.wav,16000,16000,15.0,15.0,-19.04620219426528,-18.216360187528164,1.0,0.51507568359375,0.00010416666666666667,0.0,0.0005458333333333333,0.0004125,-0.0012078848667442799,3.3622996852500364e-05,True,0,0.0,0.21553578972816467,-1.4836420203531437,-1.4836420203531437
41,/workspace/diagnostics_train/aligned/clean/0062.wav,/workspace/diagnostics_train/aligned/noisy/0062.wav,16000,16000,15.0,15.0,-20.51037324377858,-21.78309737363124,1.0,0.550506591796875,9.583333333333334e-05,0.0,0.0007291666666666667,0.0004583333333333333,-0.001286269980482757,1.68224341905443e-05,True,0,0.0,0.16297757625579834,-1.1930172366692602,-1.1930172366692602
42,/workspace/diagnostics_train/aligned/clean/0066.wav,/workspace/diagnostics_train/aligned/noisy/0066.wav,16000,16000,15.0,15.0,-21.458404593176382,-20.18974542436277,1.0,0.999969482421875,5.4166666666666664e-05,2.0833333333333333e-05,0.0005791666666666666,0.00034583333333333335,-0.0027190963737666607,-8.314133083331399e-06,True,0,0.0,0.18805325031280518,-2.6234647161779363,-2.6234647161779363
43,/workspace/diagnostics_train/aligned/clean/0068.wav,/workspace/diagnostics_train/aligned/noisy/0068.wav,16000,16000,15.0,15.0,-15.754815309868842,-15.698348261713988,1.0,1.0,0.001925,0.00017916666666666667,0.00044166666666666665,0.00023333333333333333,-0.002272354206070304,4.297383839002578e-06,True,0,0.0,0.17881456017494202,-1.8765355219642972,-1.8765355219642972
44,/workspace/diagnostics_train/aligned/clean/0069.wav,/workspace/diagnostics_train/aligned/noisy/0069.wav,16000,16000,15.0,15.0,-18.422570146461954,-16.126369669639335,1.0,1.0,0.00040833333333333336,0.000175,0.0005666666666666667,0.0002916666666666667,-0.002266460098326206,2.092577597068157e-05,True,0,0.0,0.23836079239845276,-2.649143635274674,-2.649143635274674
45,/workspace/diagnostics_train/aligned/clean/0070.wav,/workspace/diagnostics_train/aligned/noisy/0070.wav,16000,16000,15.0,15.0,-15.764081197812905,-15.402631214727949,1.0,1.0,0.0021791666666666665,0.000375,0.0003125,0.00029583333333333333,-0.003044193610548973,8.992386028694455e-06,True,0,0.0,0.17611907422542572,-1.012879475474255,-1.012879475474255
46,/workspace/diagnostics_train/aligned/clean/0071.wav,/workspace/diagnostics_train/aligned/noisy/0071.wav,16000,16000,15.0,15.0,-14.126774159140815,-13.390716611276893,1.0,1.0,0.004270833333333333,0.0004625,0.0004958333333333334,0.00028333333333333335,-0.002261699177324772,-3.2854968594620004e-05,True,0,0.0,0.2651214301586151,-1.4688594226705278,-1.4688594226705278
47,/workspace/diagnostics_train/aligned/clean/0074.wav,/workspace/diagnostics_train/aligned/noisy/0074.wav,16000,16000,15.0,15.0,-12.527319563240031,-11.844924970564081,1.0,1.0,0.0067,0.0006416666666666667,0.00025416666666666665,0.00012916666666666667,-0.002916053170338273,-5.081799827166833e-05,True,0,0.0,0.16413654386997223,-2.4484096599799727,-2.4484096599799727
48,/workspace/diagnostics_train/aligned/clean/0075.wav,/workspace/diagnostics_train/aligned/noisy/0075.wav,16000,16000,15.0,15.0,-16.431333801852837,-16.116413337151464,1.0,1.0,0.0008083333333333333,0.0002625,0.0005625,0.00023333333333333333,-0.0023445780389010906,2.1628061404044274e-06,True,0,0.0,0.21378636360168457,-1.5184796873316158,-1.5184796873316158
49,/workspace/diagnostics_train/aligned/clean/0076.wav,/workspace/diagnostics_train/aligned/noisy/0076.wav,16000,16000,15.0,15.0,-15.205488431140598,-15.152581347099902,1.0,1.0,0.0007833333333333334,5.833333333333333e-05,0.00034583333333333335,0.00020833333333333335,-0.002430817112326622,4.10410575568676e-05,True,0,0.0,0.23865368962287903,-1.9333828642481243,-1.9333828642481243
50,/workspace/diagnostics_train/aligned/clean/0079.wav,/workspace/diagnostics_train/aligned/noisy/0079.wav,16000,16000,15.0,15.0,-14.00500516608579,-15.24140382677658,1.0,1.0,0.002841666666666667,0.0006791666666666667,0.00018333333333333334,0.00017916666666666667,-0.00261910748668015,1.970837911358103e-05,True,0,0.0,0.11217434704303741,-1.456275794548171,-1.456275794548171
51,/workspace/diagnostics_train/aligned/clean/0080.wav,/workspace/diagnostics_train/aligned/noisy/0080.wav,16000,16000,15.0,15.0,-18.847414870730326,-15.652928619167133,1.0,1.0,0.0038541666666666668,8.333333333333333e-05,0.0005625,0.00022083333333333333,-0.0015061020385473967,1.45472204167163e-05,True,0,0.0,0.17897218465805054,-3.8377237817216487,-3.8377237817216487
52,/workspace/diagnostics_train/aligned/clean/0082.wav,/workspace/diagnostics_train/aligned/noisy/0082.wav,16000,16000,15.0,15.0,-16.92526065991071,-17.051060134563237,1.0,1.0,0.000675,0.00019166666666666667,0.000275,0.00019166666666666667,-0.0024666611570864916,-5.036671950620075e-07,True,0,0.0,0.11917921155691147,-2.1082722765197475,-2.1082722765197475
53,/workspace/diagnostics_train/aligned/clean/0083.wav,/workspace/diagnostics_train/aligned/noisy/0083.wav,16000,16000,15.0,15.0,-19.054096304928475,-17.278689725392844,0.999969482421875,1.0,2.9166666666666666e-05,2.5e-05,0.00042916666666666667,0.0002458333333333333,-0.0023398781195282936,-1.6955058299572556e-06,True,0,0.0,0.3033747971057892,-2.4799406662483476,-2.4799406662483476
54,/workspace/diagnostics_train/aligned/clean/0085.wav,/workspace/diagnostics_train/aligned/noisy/0085.wav,16000,16000,15.0,15.0,-14.761300835968289,-14.150762193321453,1.0,1.0,0.002725,0.0001125,0.0002916666666666667,0.0002,-0.0027950378134846687,7.884966180427e-05,True,0,0.0,0.21661263704299927,-0.5624822433817577,-0.5624822433817577
55,/workspace/diagnostics_train/aligned/clean/0086.wav,/workspace/diagnostics_train/aligned/noisy/0086.wav,16000,16000,15.0,15.0,-18.3448534889307,-18.575227821371463,1.0,1.0,0.00027916666666666666,5e-05,0.0004375,0.0003083333333333333,-0.0026682554744184017,5.670852624461986e-05,True,0,0.0,0.2213430106639862,-1.0992140963906811,-1.0992140963906811
56,/workspace/diagnostics_train/aligned/clean/0090.wav,/workspace/diagnostics_train/aligned/noisy/0090.wav,16000,16000,15.0,15.0,-13.90832665007962,-13.650185192887657,1.0,1.0,0.0051333333333333335,7.083333333333334e-05,0.0003916666666666667,0.00017083333333333333,-0.0028737359680235386,2.7694448363035917e-05,True,0,0.0,0.2294124960899353,-1.5854653144709505,-1.5854653144709505
57,/workspace/diagnostics_train/aligned/clean/0093.wav,/workspace/diagnostics_train/aligned/noisy/0093.wav,16000,16000,15.0,15.0,-17.18527872274313,-15.577561890977565,1.0,1.0,0.0006833333333333333,0.00028333333333333335,0.0005791666666666666,0.0003083333333333333,-0.002268618205562234,-0.00011263974738540128,True,0,0.0,0.15597613155841827,-2.136108745001363,-2.136108745001363
58,/workspace/diagnostics_train/aligned/clean/0094.wav,/workspace/diagnostics_train/aligned/noisy/0094.wav,16000,16000,15.0,15.0,-16.747957828570986,-15.655562448167966,1.0,1.0,0.00031666666666666665,0.00012916666666666667,0.000525,0.00030416666666666667,-0.0026112531777471304,2.7156067517353222e-05,True,0,0.0,0.24852529168128967,-1.5090031101517631,-1.5090031101517631
59,/workspace/diagnostics_train/aligned/clean/0096.wav,/workspace/diagnostics_train/aligned/noisy/0096.wav,16000,16000,15.0,15.0,-11.816028937179793,-11.145595582788433,1.0,1.0,0.009154166666666666,0.0008666666666666666,0.00035833333333333333,0.00020833333333333335,-0.0034283436834812164,4.367879228084348e-05,True,0,0.0,0.24278447031974792,-1.155269533444378,-1.155269533444378
